1221|I want to clean the kitchen counter before dinner.|저녁 전에 주방 조리대를 닦고 싶어.|Daily life|Beginner|Use when saying something natural in an everyday situation.
1222|I want to clean the kitchen counter before I head out.|나가기 전에 주방 조리대를 닦고 싶어.|Daily life|Beginner|Use when saying something natural in an everyday situation.
1223|I want to clean the kitchen counter this afternoon.|오늘 오후에 주방 조리대를 닦고 싶어.|Daily life|Beginner|Use when saying something natural in an everyday situation.
1224|I want to clean the kitchen counter before the weekend.|주말 전에 주방 조리대를 닦고 싶어.|Daily life|Beginner|Use when saying something natural in an everyday situation.
1225|I want to clean the kitchen counter before bed.|자기 전에 주방 조리대를 닦고 싶어.|Daily life|Beginner|Use when saying something natural in an everyday situation.
1226|I want to finish the laundry before dinner.|저녁 전에 빨래를 끝내고 싶어.|Daily life|Beginner|Use when saying something natural in an everyday situation.
1227|I want to finish the laundry before I head out.|나가기 전에 빨래를 끝내고 싶어.|Daily life|Beginner|Use when saying something natural in an everyday situation.
1228|I want to finish the laundry this afternoon.|오늘 오후에 빨래를 끝내고 싶어.|Daily life|Beginner|Use when saying something natural in an everyday situation.
1229|I want to finish the laundry before the weekend.|주말 전에 빨래를 끝내고 싶어.|Daily life|Beginner|Use when saying something natural in an everyday situation.
1230|I want to finish the laundry before bed.|자기 전에 빨래를 끝내고 싶어.|Daily life|Beginner|Use when saying something natural in an everyday situation.
1231|I want to water the plants before dinner.|저녁 전에 식물에 물을 주고 싶어.|Daily life|Beginner|Use when saying something natural in an everyday situation.
1232|I want to water the plants before I head out.|나가기 전에 식물에 물을 주고 싶어.|Daily life|Beginner|Use when saying something natural in an everyday situation.
1233|I want to water the plants this afternoon.|오늘 오후에 식물에 물을 주고 싶어.|Daily life|Beginner|Use when saying something natural in an everyday situation.
1234|I want to water the plants before the weekend.|주말 전에 식물에 물을 주고 싶어.|Daily life|Beginner|Use when saying something natural in an everyday situation.
1235|I want to water the plants before bed.|자기 전에 식물에 물을 주고 싶어.|Daily life|Beginner|Use when saying something natural in an everyday situation.
1236|I want to sort the receipts before dinner.|저녁 전에 영수증을 정리하고 싶어.|Daily life|Beginner|Use when saying something natural in an everyday situation.
1237|I want to sort the receipts before I head out.|나가기 전에 영수증을 정리하고 싶어.|Daily life|Beginner|Use when saying something natural in an everyday situation.
1238|I want to sort the receipts this afternoon.|오늘 오후에 영수증을 정리하고 싶어.|Daily life|Beginner|Use when saying something natural in an everyday situation.
1239|I want to sort the receipts before the weekend.|주말 전에 영수증을 정리하고 싶어.|Daily life|Beginner|Use when saying something natural in an everyday situation.
1240|I want to sort the receipts before bed.|자기 전에 영수증을 정리하고 싶어.|Daily life|Beginner|Use when saying something natural in an everyday situation.
1241|I want to pack my bag before dinner.|저녁 전에 가방을 챙기고 싶어.|Daily life|Beginner|Use when saying something natural in an everyday situation.
1242|I want to pack my bag before I head out.|나가기 전에 가방을 챙기고 싶어.|Daily life|Beginner|Use when saying something natural in an everyday situation.
1243|I want to pack my bag this afternoon.|오늘 오후에 가방을 챙기고 싶어.|Daily life|Beginner|Use when saying something natural in an everyday situation.
1244|I want to pack my bag before the weekend.|주말 전에 가방을 챙기고 싶어.|Daily life|Beginner|Use when saying something natural in an everyday situation.
1245|I want to pack my bag before bed.|자기 전에 가방을 챙기고 싶어.|Daily life|Beginner|Use when saying something natural in an everyday situation.
1246|I want to clear the table before dinner.|저녁 전에 식탁을 치우고 싶어.|Daily life|Beginner|Use when saying something natural in an everyday situation.
1247|I want to clear the table before I head out.|나가기 전에 식탁을 치우고 싶어.|Daily life|Beginner|Use when saying something natural in an everyday situation.
1248|I want to clear the table this afternoon.|오늘 오후에 식탁을 치우고 싶어.|Daily life|Beginner|Use when saying something natural in an everyday situation.
1249|I want to clear the table before the weekend.|주말 전에 식탁을 치우고 싶어.|Daily life|Beginner|Use when saying something natural in an everyday situation.
1250|I want to clear the table before bed.|자기 전에 식탁을 치우고 싶어.|Daily life|Beginner|Use when saying something natural in an everyday situation.
1251|I want to put away the groceries before dinner.|저녁 전에 장본 걸 정리하고 싶어.|Daily life|Beginner|Use when saying something natural in an everyday situation.
1252|I want to put away the groceries before I head out.|나가기 전에 장본 걸 정리하고 싶어.|Daily life|Beginner|Use when saying something natural in an everyday situation.
1253|I want to put away the groceries this afternoon.|오늘 오후에 장본 걸 정리하고 싶어.|Daily life|Beginner|Use when saying something natural in an everyday situation.
1254|I want to put away the groceries before the weekend.|주말 전에 장본 걸 정리하고 싶어.|Daily life|Beginner|Use when saying something natural in an everyday situation.
1255|I want to put away the groceries before bed.|자기 전에 장본 걸 정리하고 싶어.|Daily life|Beginner|Use when saying something natural in an everyday situation.
1256|I want to charge my watch before dinner.|저녁 전에 시계를 충전하고 싶어.|Daily life|Beginner|Use when saying something natural in an everyday situation.
1257|I want to charge my watch before I head out.|나가기 전에 시계를 충전하고 싶어.|Daily life|Beginner|Use when saying something natural in an everyday situation.
1258|I want to charge my watch this afternoon.|오늘 오후에 시계를 충전하고 싶어.|Daily life|Beginner|Use when saying something natural in an everyday situation.
1259|I want to charge my watch before the weekend.|주말 전에 시계를 충전하고 싶어.|Daily life|Beginner|Use when saying something natural in an everyday situation.
1260|I want to charge my watch before bed.|자기 전에 시계를 충전하고 싶어.|Daily life|Beginner|Use when saying something natural in an everyday situation.
1261|I want to organize the shelf before dinner.|저녁 전에 선반을 정리하고 싶어.|Daily life|Beginner|Use when saying something natural in an everyday situation.
1262|I want to organize the shelf before I head out.|나가기 전에 선반을 정리하고 싶어.|Daily life|Beginner|Use when saying something natural in an everyday situation.
1263|I want to organize the shelf this afternoon.|오늘 오후에 선반을 정리하고 싶어.|Daily life|Beginner|Use when saying something natural in an everyday situation.
1264|I want to organize the shelf before the weekend.|주말 전에 선반을 정리하고 싶어.|Daily life|Beginner|Use when saying something natural in an everyday situation.
1265|I want to organize the shelf before bed.|자기 전에 선반을 정리하고 싶어.|Daily life|Beginner|Use when saying something natural in an everyday situation.
1266|I want to take out the recycling before dinner.|저녁 전에 재활용품을 내놓고 싶어.|Daily life|Beginner|Use when saying something natural in an everyday situation.
1267|I want to take out the recycling before I head out.|나가기 전에 재활용품을 내놓고 싶어.|Daily life|Beginner|Use when saying something natural in an everyday situation.
1268|I want to take out the recycling this afternoon.|오늘 오후에 재활용품을 내놓고 싶어.|Daily life|Beginner|Use when saying something natural in an everyday situation.
1269|I want to take out the recycling before the weekend.|주말 전에 재활용품을 내놓고 싶어.|Daily life|Beginner|Use when saying something natural in an everyday situation.
1270|I want to take out the recycling before bed.|자기 전에 재활용품을 내놓고 싶어.|Daily life|Beginner|Use when saying something natural in an everyday situation.
1271|I keep forgetting to lock the door before I leave.|나가기 전에 문 잠그는 걸 자꾸 깜빡해.|Daily life|Intermediate|Use when saying something natural in an everyday situation.
1272|I keep forgetting to lock the door on busy mornings.|바쁜 아침마다 문 잠그는 걸 자꾸 깜빡해.|Daily life|Intermediate|Use when saying something natural in an everyday situation.
1273|I keep forgetting to lock the door when I am in a rush.|급할 때마다 문 잠그는 걸 자꾸 깜빡해.|Daily life|Intermediate|Use when saying something natural in an everyday situation.
1274|I keep forgetting to lock the door after lunch.|점심 먹고 나면 문 잠그는 걸 자꾸 깜빡해.|Daily life|Intermediate|Use when saying something natural in an everyday situation.
1275|I keep forgetting to lock the door on my way out.|집을 나설 때마다 문 잠그는 걸 자꾸 깜빡해.|Daily life|Intermediate|Use when saying something natural in an everyday situation.
1276|I keep forgetting to bring my umbrella before I leave.|나가기 전에 우산 챙기는 걸 자꾸 깜빡해.|Daily life|Intermediate|Use when saying something natural in an everyday situation.
1277|I keep forgetting to bring my umbrella on busy mornings.|바쁜 아침마다 우산 챙기는 걸 자꾸 깜빡해.|Daily life|Intermediate|Use when saying something natural in an everyday situation.
1278|I keep forgetting to bring my umbrella when I am in a rush.|급할 때마다 우산 챙기는 걸 자꾸 깜빡해.|Daily life|Intermediate|Use when saying something natural in an everyday situation.
1279|I keep forgetting to bring my umbrella after lunch.|점심 먹고 나면 우산 챙기는 걸 자꾸 깜빡해.|Daily life|Intermediate|Use when saying something natural in an everyday situation.
1280|I keep forgetting to bring my umbrella on my way out.|집을 나설 때마다 우산 챙기는 걸 자꾸 깜빡해.|Daily life|Intermediate|Use when saying something natural in an everyday situation.
1281|I keep forgetting to set the alarm before I leave.|나가기 전에 알람 맞추는 걸 자꾸 깜빡해.|Daily life|Intermediate|Use when saying something natural in an everyday situation.
1282|I keep forgetting to set the alarm on busy mornings.|바쁜 아침마다 알람 맞추는 걸 자꾸 깜빡해.|Daily life|Intermediate|Use when saying something natural in an everyday situation.
1283|I keep forgetting to set the alarm when I am in a rush.|급할 때마다 알람 맞추는 걸 자꾸 깜빡해.|Daily life|Intermediate|Use when saying something natural in an everyday situation.
1284|I keep forgetting to set the alarm after lunch.|점심 먹고 나면 알람 맞추는 걸 자꾸 깜빡해.|Daily life|Intermediate|Use when saying something natural in an everyday situation.
1285|I keep forgetting to set the alarm on my way out.|집을 나설 때마다 알람 맞추는 걸 자꾸 깜빡해.|Daily life|Intermediate|Use when saying something natural in an everyday situation.
1286|I keep forgetting to reply to that message before I leave.|나가기 전에 그 메시지에 답장하는 걸 자꾸 깜빡해.|Daily life|Intermediate|Use when saying something natural in an everyday situation.
1287|I keep forgetting to reply to that message on busy mornings.|바쁜 아침마다 그 메시지에 답장하는 걸 자꾸 깜빡해.|Daily life|Intermediate|Use when saying something natural in an everyday situation.
1288|I keep forgetting to reply to that message when I am in a rush.|급할 때마다 그 메시지에 답장하는 걸 자꾸 깜빡해.|Daily life|Intermediate|Use when saying something natural in an everyday situation.
1289|I keep forgetting to reply to that message after lunch.|점심 먹고 나면 그 메시지에 답장하는 걸 자꾸 깜빡해.|Daily life|Intermediate|Use when saying something natural in an everyday situation.
1290|I keep forgetting to reply to that message on my way out.|집을 나설 때마다 그 메시지에 답장하는 걸 자꾸 깜빡해.|Daily life|Intermediate|Use when saying something natural in an everyday situation.
1291|I keep forgetting to refill the water bottle before I leave.|나가기 전에 물병을 다시 채우는 걸 자꾸 깜빡해.|Daily life|Intermediate|Use when saying something natural in an everyday situation.
1292|I keep forgetting to refill the water bottle on busy mornings.|바쁜 아침마다 물병을 다시 채우는 걸 자꾸 깜빡해.|Daily life|Intermediate|Use when saying something natural in an everyday situation.
1293|I keep forgetting to refill the water bottle when I am in a rush.|급할 때마다 물병을 다시 채우는 걸 자꾸 깜빡해.|Daily life|Intermediate|Use when saying something natural in an everyday situation.
1294|I keep forgetting to refill the water bottle after lunch.|점심 먹고 나면 물병을 다시 채우는 걸 자꾸 깜빡해.|Daily life|Intermediate|Use when saying something natural in an everyday situation.
1295|I keep forgetting to refill the water bottle on my way out.|집을 나설 때마다 물병을 다시 채우는 걸 자꾸 깜빡해.|Daily life|Intermediate|Use when saying something natural in an everyday situation.
1296|I keep forgetting to save the grocery list before I leave.|나가기 전에 장보기 목록 저장하는 걸 자꾸 깜빡해.|Daily life|Intermediate|Use when saying something natural in an everyday situation.
1297|I keep forgetting to save the grocery list on busy mornings.|바쁜 아침마다 장보기 목록 저장하는 걸 자꾸 깜빡해.|Daily life|Intermediate|Use when saying something natural in an everyday situation.
1298|I keep forgetting to save the grocery list when I am in a rush.|급할 때마다 장보기 목록 저장하는 걸 자꾸 깜빡해.|Daily life|Intermediate|Use when saying something natural in an everyday situation.
1299|I keep forgetting to save the grocery list after lunch.|점심 먹고 나면 장보기 목록 저장하는 걸 자꾸 깜빡해.|Daily life|Intermediate|Use when saying something natural in an everyday situation.
1300|I keep forgetting to save the grocery list on my way out.|집을 나설 때마다 장보기 목록 저장하는 걸 자꾸 깜빡해.|Daily life|Intermediate|Use when saying something natural in an everyday situation.
1301|I keep forgetting to grab a charger before I leave.|나가기 전에 충전기 챙기는 걸 자꾸 깜빡해.|Daily life|Intermediate|Use when saying something natural in an everyday situation.
1302|I keep forgetting to grab a charger on busy mornings.|바쁜 아침마다 충전기 챙기는 걸 자꾸 깜빡해.|Daily life|Intermediate|Use when saying something natural in an everyday situation.
1303|I keep forgetting to grab a charger when I am in a rush.|급할 때마다 충전기 챙기는 걸 자꾸 깜빡해.|Daily life|Intermediate|Use when saying something natural in an everyday situation.
1304|I keep forgetting to grab a charger after lunch.|점심 먹고 나면 충전기 챙기는 걸 자꾸 깜빡해.|Daily life|Intermediate|Use when saying something natural in an everyday situation.
1305|I keep forgetting to grab a charger on my way out.|집을 나설 때마다 충전기 챙기는 걸 자꾸 깜빡해.|Daily life|Intermediate|Use when saying something natural in an everyday situation.
1306|I keep forgetting to check the mailbox before I leave.|나가기 전에 우편함 확인하는 걸 자꾸 깜빡해.|Daily life|Intermediate|Use when saying something natural in an everyday situation.
1307|I keep forgetting to check the mailbox on busy mornings.|바쁜 아침마다 우편함 확인하는 걸 자꾸 깜빡해.|Daily life|Intermediate|Use when saying something natural in an everyday situation.
1308|I keep forgetting to check the mailbox when I am in a rush.|급할 때마다 우편함 확인하는 걸 자꾸 깜빡해.|Daily life|Intermediate|Use when saying something natural in an everyday situation.
1309|I keep forgetting to check the mailbox after lunch.|점심 먹고 나면 우편함 확인하는 걸 자꾸 깜빡해.|Daily life|Intermediate|Use when saying something natural in an everyday situation.
1310|I keep forgetting to check the mailbox on my way out.|집을 나설 때마다 우편함 확인하는 걸 자꾸 깜빡해.|Daily life|Intermediate|Use when saying something natural in an everyday situation.
1311|I keep forgetting to put my keys back before I leave.|나가기 전에 열쇠를 제자리에 두는 걸 자꾸 깜빡해.|Daily life|Intermediate|Use when saying something natural in an everyday situation.
1312|I keep forgetting to put my keys back on busy mornings.|바쁜 아침마다 열쇠를 제자리에 두는 걸 자꾸 깜빡해.|Daily life|Intermediate|Use when saying something natural in an everyday situation.
1313|I keep forgetting to put my keys back when I am in a rush.|급할 때마다 열쇠를 제자리에 두는 걸 자꾸 깜빡해.|Daily life|Intermediate|Use when saying something natural in an everyday situation.
1314|I keep forgetting to put my keys back after lunch.|점심 먹고 나면 열쇠를 제자리에 두는 걸 자꾸 깜빡해.|Daily life|Intermediate|Use when saying something natural in an everyday situation.
1315|I keep forgetting to put my keys back on my way out.|집을 나설 때마다 열쇠를 제자리에 두는 걸 자꾸 깜빡해.|Daily life|Intermediate|Use when saying something natural in an everyday situation.
1316|I keep forgetting to turn off the hallway light before I leave.|나가기 전에 복도 불 끄는 걸 자꾸 깜빡해.|Daily life|Intermediate|Use when saying something natural in an everyday situation.
1317|I keep forgetting to turn off the hallway light on busy mornings.|바쁜 아침마다 복도 불 끄는 걸 자꾸 깜빡해.|Daily life|Intermediate|Use when saying something natural in an everyday situation.
1318|I keep forgetting to turn off the hallway light when I am in a rush.|급할 때마다 복도 불 끄는 걸 자꾸 깜빡해.|Daily life|Intermediate|Use when saying something natural in an everyday situation.
1319|I keep forgetting to turn off the hallway light after lunch.|점심 먹고 나면 복도 불 끄는 걸 자꾸 깜빡해.|Daily life|Intermediate|Use when saying something natural in an everyday situation.
1320|I keep forgetting to turn off the hallway light on my way out.|집을 나설 때마다 복도 불 끄는 걸 자꾸 깜빡해.|Daily life|Intermediate|Use when saying something natural in an everyday situation.
1321|Could you send the updated agenda by noon?|정오까지 업데이트한 안건을 보내 주실 수 있나요?|Work|Intermediate|Use when asking something politely in a practical situation.
1322|Could you send the updated agenda before the call?|통화 전에 업데이트한 안건을 보내 주실 수 있나요?|Work|Intermediate|Use when asking something politely in a practical situation.
1323|Could you send the updated agenda this afternoon?|오늘 오후 안에 업데이트한 안건을 보내 주실 수 있나요?|Work|Intermediate|Use when asking something politely in a practical situation.
1324|Could you send the updated agenda before the deadline?|마감 전에 업데이트한 안건을 보내 주실 수 있나요?|Work|Intermediate|Use when asking something politely in a practical situation.
1325|Could you send the updated agenda when you have a minute?|잠깐 시간 괜찮을 때 업데이트한 안건을 보내 주실 수 있나요?|Work|Intermediate|Use when asking something politely in a practical situation.
1326|Could you review the latest draft by noon?|정오까지 최신 초안을 검토해 주실 수 있나요?|Work|Intermediate|Use when asking something politely in a practical situation.
1327|Could you review the latest draft before the call?|통화 전에 최신 초안을 검토해 주실 수 있나요?|Work|Intermediate|Use when asking something politely in a practical situation.
1328|Could you review the latest draft this afternoon?|오늘 오후 안에 최신 초안을 검토해 주실 수 있나요?|Work|Intermediate|Use when asking something politely in a practical situation.
1329|Could you review the latest draft before the deadline?|마감 전에 최신 초안을 검토해 주실 수 있나요?|Work|Intermediate|Use when asking something politely in a practical situation.
1330|Could you review the latest draft when you have a minute?|잠깐 시간 괜찮을 때 최신 초안을 검토해 주실 수 있나요?|Work|Intermediate|Use when asking something politely in a practical situation.
1331|Could you check the pricing table by noon?|정오까지 가격표를 확인해 주실 수 있나요?|Work|Intermediate|Use when asking something politely in a practical situation.
1332|Could you check the pricing table before the call?|통화 전에 가격표를 확인해 주실 수 있나요?|Work|Intermediate|Use when asking something politely in a practical situation.
1333|Could you check the pricing table this afternoon?|오늘 오후 안에 가격표를 확인해 주실 수 있나요?|Work|Intermediate|Use when asking something politely in a practical situation.
1334|Could you check the pricing table before the deadline?|마감 전에 가격표를 확인해 주실 수 있나요?|Work|Intermediate|Use when asking something politely in a practical situation.
1335|Could you check the pricing table when you have a minute?|잠깐 시간 괜찮을 때 가격표를 확인해 주실 수 있나요?|Work|Intermediate|Use when asking something politely in a practical situation.
1336|Could you confirm the meeting room by noon?|정오까지 회의실을 확인해 주실 수 있나요?|Work|Intermediate|Use when asking something politely in a practical situation.
1337|Could you confirm the meeting room before the call?|통화 전에 회의실을 확인해 주실 수 있나요?|Work|Intermediate|Use when asking something politely in a practical situation.
1338|Could you confirm the meeting room this afternoon?|오늘 오후 안에 회의실을 확인해 주실 수 있나요?|Work|Intermediate|Use when asking something politely in a practical situation.
1339|Could you confirm the meeting room before the deadline?|마감 전에 회의실을 확인해 주실 수 있나요?|Work|Intermediate|Use when asking something politely in a practical situation.
1340|Could you confirm the meeting room when you have a minute?|잠깐 시간 괜찮을 때 회의실을 확인해 주실 수 있나요?|Work|Intermediate|Use when asking something politely in a practical situation.
1341|Could you share the client feedback by noon?|정오까지 고객 피드백을 공유해 주실 수 있나요?|Work|Intermediate|Use when asking something politely in a practical situation.
1342|Could you share the client feedback before the call?|통화 전에 고객 피드백을 공유해 주실 수 있나요?|Work|Intermediate|Use when asking something politely in a practical situation.
1343|Could you share the client feedback this afternoon?|오늘 오후 안에 고객 피드백을 공유해 주실 수 있나요?|Work|Intermediate|Use when asking something politely in a practical situation.
1344|Could you share the client feedback before the deadline?|마감 전에 고객 피드백을 공유해 주실 수 있나요?|Work|Intermediate|Use when asking something politely in a practical situation.
1345|Could you share the client feedback when you have a minute?|잠깐 시간 괜찮을 때 고객 피드백을 공유해 주실 수 있나요?|Work|Intermediate|Use when asking something politely in a practical situation.
1346|Could you forward the revised contract by noon?|정오까지 수정된 계약서를 전달해 주실 수 있나요?|Work|Intermediate|Use when asking something politely in a practical situation.
1347|Could you forward the revised contract before the call?|통화 전에 수정된 계약서를 전달해 주실 수 있나요?|Work|Intermediate|Use when asking something politely in a practical situation.
1348|Could you forward the revised contract this afternoon?|오늘 오후 안에 수정된 계약서를 전달해 주실 수 있나요?|Work|Intermediate|Use when asking something politely in a practical situation.
1349|Could you forward the revised contract before the deadline?|마감 전에 수정된 계약서를 전달해 주실 수 있나요?|Work|Intermediate|Use when asking something politely in a practical situation.
1350|Could you forward the revised contract when you have a minute?|잠깐 시간 괜찮을 때 수정된 계약서를 전달해 주실 수 있나요?|Work|Intermediate|Use when asking something politely in a practical situation.
1351|Could you upload the final slides by noon?|정오까지 최종 슬라이드를 올려 주실 수 있나요?|Work|Intermediate|Use when asking something politely in a practical situation.
1352|Could you upload the final slides before the call?|통화 전에 최종 슬라이드를 올려 주실 수 있나요?|Work|Intermediate|Use when asking something politely in a practical situation.
1353|Could you upload the final slides this afternoon?|오늘 오후 안에 최종 슬라이드를 올려 주실 수 있나요?|Work|Intermediate|Use when asking something politely in a practical situation.
1354|Could you upload the final slides before the deadline?|마감 전에 최종 슬라이드를 올려 주실 수 있나요?|Work|Intermediate|Use when asking something politely in a practical situation.
1355|Could you upload the final slides when you have a minute?|잠깐 시간 괜찮을 때 최종 슬라이드를 올려 주실 수 있나요?|Work|Intermediate|Use when asking something politely in a practical situation.
1356|Could you verify the shipping address by noon?|정오까지 배송 주소를 확인해 주실 수 있나요?|Work|Intermediate|Use when asking something politely in a practical situation.
1357|Could you verify the shipping address before the call?|통화 전에 배송 주소를 확인해 주실 수 있나요?|Work|Intermediate|Use when asking something politely in a practical situation.
1358|Could you verify the shipping address this afternoon?|오늘 오후 안에 배송 주소를 확인해 주실 수 있나요?|Work|Intermediate|Use when asking something politely in a practical situation.
1359|Could you verify the shipping address before the deadline?|마감 전에 배송 주소를 확인해 주실 수 있나요?|Work|Intermediate|Use when asking something politely in a practical situation.
1360|Could you verify the shipping address when you have a minute?|잠깐 시간 괜찮을 때 배송 주소를 확인해 주실 수 있나요?|Work|Intermediate|Use when asking something politely in a practical situation.
1361|Could you look over the budget sheet by noon?|정오까지 예산표를 살펴봐 주실 수 있나요?|Work|Intermediate|Use when asking something politely in a practical situation.
1362|Could you look over the budget sheet before the call?|통화 전에 예산표를 살펴봐 주실 수 있나요?|Work|Intermediate|Use when asking something politely in a practical situation.
1363|Could you look over the budget sheet this afternoon?|오늘 오후 안에 예산표를 살펴봐 주실 수 있나요?|Work|Intermediate|Use when asking something politely in a practical situation.
1364|Could you look over the budget sheet before the deadline?|마감 전에 예산표를 살펴봐 주실 수 있나요?|Work|Intermediate|Use when asking something politely in a practical situation.
1365|Could you look over the budget sheet when you have a minute?|잠깐 시간 괜찮을 때 예산표를 살펴봐 주실 수 있나요?|Work|Intermediate|Use when asking something politely in a practical situation.
1366|Could you flag the urgent items by noon?|정오까지 급한 항목을 표시해 주실 수 있나요?|Work|Intermediate|Use when asking something politely in a practical situation.
1367|Could you flag the urgent items before the call?|통화 전에 급한 항목을 표시해 주실 수 있나요?|Work|Intermediate|Use when asking something politely in a practical situation.
1368|Could you flag the urgent items this afternoon?|오늘 오후 안에 급한 항목을 표시해 주실 수 있나요?|Work|Intermediate|Use when asking something politely in a practical situation.
1369|Could you flag the urgent items before the deadline?|마감 전에 급한 항목을 표시해 주실 수 있나요?|Work|Intermediate|Use when asking something politely in a practical situation.
1370|Could you flag the urgent items when you have a minute?|잠깐 시간 괜찮을 때 급한 항목을 표시해 주실 수 있나요?|Work|Intermediate|Use when asking something politely in a practical situation.
1371|It would help to check the numbers again before we send this.|이걸 보내기 전에 숫자를 다시 확인하는 게 도움이 될 거야.|Work|Advanced|Use when sharing a preference or judgment in a natural way.
1372|It would help to check the numbers again before tomorrow morning.|내일 아침 전에 숫자를 다시 확인하는 게 도움이 될 거야.|Work|Advanced|Use when sharing a preference or judgment in a natural way.
1373|It would help to check the numbers again for the next review.|다음 검토 전에 숫자를 다시 확인하는 게 도움이 될 거야.|Work|Advanced|Use when sharing a preference or judgment in a natural way.
1374|It would help to check the numbers again before the team meeting.|팀 회의 전에 숫자를 다시 확인하는 게 도움이 될 거야.|Work|Advanced|Use when sharing a preference or judgment in a natural way.
1375|It would help to check the numbers again while everything is still fresh.|기억이 생생할 때 숫자를 다시 확인하는 게 도움이 될 거야.|Work|Advanced|Use when sharing a preference or judgment in a natural way.
1376|It would help to shorten the summary before we send this.|이걸 보내기 전에 요약을 더 짧게 다듬는 게 도움이 될 거야.|Work|Advanced|Use when sharing a preference or judgment in a natural way.
1377|It would help to shorten the summary before tomorrow morning.|내일 아침 전에 요약을 더 짧게 다듬는 게 도움이 될 거야.|Work|Advanced|Use when sharing a preference or judgment in a natural way.
1378|It would help to shorten the summary for the next review.|다음 검토 전에 요약을 더 짧게 다듬는 게 도움이 될 거야.|Work|Advanced|Use when sharing a preference or judgment in a natural way.
1379|It would help to shorten the summary before the team meeting.|팀 회의 전에 요약을 더 짧게 다듬는 게 도움이 될 거야.|Work|Advanced|Use when sharing a preference or judgment in a natural way.
1380|It would help to shorten the summary while everything is still fresh.|기억이 생생할 때 요약을 더 짧게 다듬는 게 도움이 될 거야.|Work|Advanced|Use when sharing a preference or judgment in a natural way.
1381|It would help to clarify the next step before we send this.|이걸 보내기 전에 다음 단계를 분명히 하는 게 도움이 될 거야.|Work|Advanced|Use when sharing a preference or judgment in a natural way.
1382|It would help to clarify the next step before tomorrow morning.|내일 아침 전에 다음 단계를 분명히 하는 게 도움이 될 거야.|Work|Advanced|Use when sharing a preference or judgment in a natural way.
1383|It would help to clarify the next step for the next review.|다음 검토 전에 다음 단계를 분명히 하는 게 도움이 될 거야.|Work|Advanced|Use when sharing a preference or judgment in a natural way.
1384|It would help to clarify the next step before the team meeting.|팀 회의 전에 다음 단계를 분명히 하는 게 도움이 될 거야.|Work|Advanced|Use when sharing a preference or judgment in a natural way.
1385|It would help to clarify the next step while everything is still fresh.|기억이 생생할 때 다음 단계를 분명히 하는 게 도움이 될 거야.|Work|Advanced|Use when sharing a preference or judgment in a natural way.
1386|It would help to compare the two options before we send this.|이걸 보내기 전에 두 선택지를 비교하는 게 도움이 될 거야.|Work|Advanced|Use when sharing a preference or judgment in a natural way.
1387|It would help to compare the two options before tomorrow morning.|내일 아침 전에 두 선택지를 비교하는 게 도움이 될 거야.|Work|Advanced|Use when sharing a preference or judgment in a natural way.
1388|It would help to compare the two options for the next review.|다음 검토 전에 두 선택지를 비교하는 게 도움이 될 거야.|Work|Advanced|Use when sharing a preference or judgment in a natural way.
1389|It would help to compare the two options before the team meeting.|팀 회의 전에 두 선택지를 비교하는 게 도움이 될 거야.|Work|Advanced|Use when sharing a preference or judgment in a natural way.
1390|It would help to compare the two options while everything is still fresh.|기억이 생생할 때 두 선택지를 비교하는 게 도움이 될 거야.|Work|Advanced|Use when sharing a preference or judgment in a natural way.
1391|It would help to clean up the file names before we send this.|이걸 보내기 전에 파일 이름을 정리하는 게 도움이 될 거야.|Work|Advanced|Use when sharing a preference or judgment in a natural way.
1392|It would help to clean up the file names before tomorrow morning.|내일 아침 전에 파일 이름을 정리하는 게 도움이 될 거야.|Work|Advanced|Use when sharing a preference or judgment in a natural way.
1393|It would help to clean up the file names for the next review.|다음 검토 전에 파일 이름을 정리하는 게 도움이 될 거야.|Work|Advanced|Use when sharing a preference or judgment in a natural way.
1394|It would help to clean up the file names before the team meeting.|팀 회의 전에 파일 이름을 정리하는 게 도움이 될 거야.|Work|Advanced|Use when sharing a preference or judgment in a natural way.
1395|It would help to clean up the file names while everything is still fresh.|기억이 생생할 때 파일 이름을 정리하는 게 도움이 될 거야.|Work|Advanced|Use when sharing a preference or judgment in a natural way.
1396|It would help to document the workflow before we send this.|이걸 보내기 전에 작업 흐름을 문서로 남기는 게 도움이 될 거야.|Work|Advanced|Use when sharing a preference or judgment in a natural way.
1397|It would help to document the workflow before tomorrow morning.|내일 아침 전에 작업 흐름을 문서로 남기는 게 도움이 될 거야.|Work|Advanced|Use when sharing a preference or judgment in a natural way.
1398|It would help to document the workflow for the next review.|다음 검토 전에 작업 흐름을 문서로 남기는 게 도움이 될 거야.|Work|Advanced|Use when sharing a preference or judgment in a natural way.
1399|It would help to document the workflow before the team meeting.|팀 회의 전에 작업 흐름을 문서로 남기는 게 도움이 될 거야.|Work|Advanced|Use when sharing a preference or judgment in a natural way.
1400|It would help to document the workflow while everything is still fresh.|기억이 생생할 때 작업 흐름을 문서로 남기는 게 도움이 될 거야.|Work|Advanced|Use when sharing a preference or judgment in a natural way.
1401|It would help to confirm the owner before we send this.|이걸 보내기 전에 담당자를 확정하는 게 도움이 될 거야.|Work|Advanced|Use when sharing a preference or judgment in a natural way.
1402|It would help to confirm the owner before tomorrow morning.|내일 아침 전에 담당자를 확정하는 게 도움이 될 거야.|Work|Advanced|Use when sharing a preference or judgment in a natural way.
1403|It would help to confirm the owner for the next review.|다음 검토 전에 담당자를 확정하는 게 도움이 될 거야.|Work|Advanced|Use when sharing a preference or judgment in a natural way.
1404|It would help to confirm the owner before the team meeting.|팀 회의 전에 담당자를 확정하는 게 도움이 될 거야.|Work|Advanced|Use when sharing a preference or judgment in a natural way.
1405|It would help to confirm the owner while everything is still fresh.|기억이 생생할 때 담당자를 확정하는 게 도움이 될 거야.|Work|Advanced|Use when sharing a preference or judgment in a natural way.
1406|It would help to separate the urgent cases before we send this.|이걸 보내기 전에 급한 건을 따로 나누는 게 도움이 될 거야.|Work|Advanced|Use when sharing a preference or judgment in a natural way.
1407|It would help to separate the urgent cases before tomorrow morning.|내일 아침 전에 급한 건을 따로 나누는 게 도움이 될 거야.|Work|Advanced|Use when sharing a preference or judgment in a natural way.
1408|It would help to separate the urgent cases for the next review.|다음 검토 전에 급한 건을 따로 나누는 게 도움이 될 거야.|Work|Advanced|Use when sharing a preference or judgment in a natural way.
1409|It would help to separate the urgent cases before the team meeting.|팀 회의 전에 급한 건을 따로 나누는 게 도움이 될 거야.|Work|Advanced|Use when sharing a preference or judgment in a natural way.
1410|It would help to separate the urgent cases while everything is still fresh.|기억이 생생할 때 급한 건을 따로 나누는 게 도움이 될 거야.|Work|Advanced|Use when sharing a preference or judgment in a natural way.
1411|It would help to update the handoff notes before we send this.|이걸 보내기 전에 인수인계 메모를 업데이트하는 게 도움이 될 거야.|Work|Advanced|Use when sharing a preference or judgment in a natural way.
1412|It would help to update the handoff notes before tomorrow morning.|내일 아침 전에 인수인계 메모를 업데이트하는 게 도움이 될 거야.|Work|Advanced|Use when sharing a preference or judgment in a natural way.
1413|It would help to update the handoff notes for the next review.|다음 검토 전에 인수인계 메모를 업데이트하는 게 도움이 될 거야.|Work|Advanced|Use when sharing a preference or judgment in a natural way.
1414|It would help to update the handoff notes before the team meeting.|팀 회의 전에 인수인계 메모를 업데이트하는 게 도움이 될 거야.|Work|Advanced|Use when sharing a preference or judgment in a natural way.
1415|It would help to update the handoff notes while everything is still fresh.|기억이 생생할 때 인수인계 메모를 업데이트하는 게 도움이 될 거야.|Work|Advanced|Use when sharing a preference or judgment in a natural way.
1416|It would help to review the final layout before we send this.|이걸 보내기 전에 최종 구성을 다시 보는 게 도움이 될 거야.|Work|Advanced|Use when sharing a preference or judgment in a natural way.
1417|It would help to review the final layout before tomorrow morning.|내일 아침 전에 최종 구성을 다시 보는 게 도움이 될 거야.|Work|Advanced|Use when sharing a preference or judgment in a natural way.
1418|It would help to review the final layout for the next review.|다음 검토 전에 최종 구성을 다시 보는 게 도움이 될 거야.|Work|Advanced|Use when sharing a preference or judgment in a natural way.
1419|It would help to review the final layout before the team meeting.|팀 회의 전에 최종 구성을 다시 보는 게 도움이 될 거야.|Work|Advanced|Use when sharing a preference or judgment in a natural way.
1420|It would help to review the final layout while everything is still fresh.|기억이 생생할 때 최종 구성을 다시 보는 게 도움이 될 거야.|Work|Advanced|Use when sharing a preference or judgment in a natural way.
1421|I need to review this chapter again today.|오늘 이 챕터를 다시 복습해야 해.|Study|Beginner|Use when saying something natural in an everyday situation.
1422|I need to review this chapter again before class.|수업 전에 이 챕터를 다시 복습해야 해.|Study|Beginner|Use when saying something natural in an everyday situation.
1423|I need to review this chapter again before the quiz.|퀴즈 전에 이 챕터를 다시 복습해야 해.|Study|Beginner|Use when saying something natural in an everyday situation.
1424|I need to review this chapter again tonight.|오늘 밤에 이 챕터를 다시 복습해야 해.|Study|Beginner|Use when saying something natural in an everyday situation.
1425|I need to review this chapter again this weekend.|이번 주말에 이 챕터를 다시 복습해야 해.|Study|Beginner|Use when saying something natural in an everyday situation.
1426|I need to memorize these key terms today.|오늘 이 핵심 용어를 외워야 해.|Study|Beginner|Use when saying something natural in an everyday situation.
1427|I need to memorize these key terms before class.|수업 전에 이 핵심 용어를 외워야 해.|Study|Beginner|Use when saying something natural in an everyday situation.
1428|I need to memorize these key terms before the quiz.|퀴즈 전에 이 핵심 용어를 외워야 해.|Study|Beginner|Use when saying something natural in an everyday situation.
1429|I need to memorize these key terms tonight.|오늘 밤에 이 핵심 용어를 외워야 해.|Study|Beginner|Use when saying something natural in an everyday situation.
1430|I need to memorize these key terms this weekend.|이번 주말에 이 핵심 용어를 외워야 해.|Study|Beginner|Use when saying something natural in an everyday situation.
1431|I need to practice the opening sentence today.|오늘 첫 문장을 연습해야 해.|Study|Beginner|Use when saying something natural in an everyday situation.
1432|I need to practice the opening sentence before class.|수업 전에 첫 문장을 연습해야 해.|Study|Beginner|Use when saying something natural in an everyday situation.
1433|I need to practice the opening sentence before the quiz.|퀴즈 전에 첫 문장을 연습해야 해.|Study|Beginner|Use when saying something natural in an everyday situation.
1434|I need to practice the opening sentence tonight.|오늘 밤에 첫 문장을 연습해야 해.|Study|Beginner|Use when saying something natural in an everyday situation.
1435|I need to practice the opening sentence this weekend.|이번 주말에 첫 문장을 연습해야 해.|Study|Beginner|Use when saying something natural in an everyday situation.
1436|I need to rewrite this answer in English today.|오늘 이 답을 영어로 다시 써야 해.|Study|Beginner|Use when saying something natural in an everyday situation.
1437|I need to rewrite this answer in English before class.|수업 전에 이 답을 영어로 다시 써야 해.|Study|Beginner|Use when saying something natural in an everyday situation.
1438|I need to rewrite this answer in English before the quiz.|퀴즈 전에 이 답을 영어로 다시 써야 해.|Study|Beginner|Use when saying something natural in an everyday situation.
1439|I need to rewrite this answer in English tonight.|오늘 밤에 이 답을 영어로 다시 써야 해.|Study|Beginner|Use when saying something natural in an everyday situation.
1440|I need to rewrite this answer in English this weekend.|이번 주말에 이 답을 영어로 다시 써야 해.|Study|Beginner|Use when saying something natural in an everyday situation.
1441|I need to check the answer key today.|오늘 정답지를 확인해야 해.|Study|Beginner|Use when saying something natural in an everyday situation.
1442|I need to check the answer key before class.|수업 전에 정답지를 확인해야 해.|Study|Beginner|Use when saying something natural in an everyday situation.
1443|I need to check the answer key before the quiz.|퀴즈 전에 정답지를 확인해야 해.|Study|Beginner|Use when saying something natural in an everyday situation.
1444|I need to check the answer key tonight.|오늘 밤에 정답지를 확인해야 해.|Study|Beginner|Use when saying something natural in an everyday situation.
1445|I need to check the answer key this weekend.|이번 주말에 정답지를 확인해야 해.|Study|Beginner|Use when saying something natural in an everyday situation.
1446|I need to listen to the dialogue one more time today.|오늘 대화를 한 번 더 들어야 해.|Study|Beginner|Use when saying something natural in an everyday situation.
1447|I need to listen to the dialogue one more time before class.|수업 전에 대화를 한 번 더 들어야 해.|Study|Beginner|Use when saying something natural in an everyday situation.
1448|I need to listen to the dialogue one more time before the quiz.|퀴즈 전에 대화를 한 번 더 들어야 해.|Study|Beginner|Use when saying something natural in an everyday situation.
1449|I need to listen to the dialogue one more time tonight.|오늘 밤에 대화를 한 번 더 들어야 해.|Study|Beginner|Use when saying something natural in an everyday situation.
1450|I need to listen to the dialogue one more time this weekend.|이번 주말에 대화를 한 번 더 들어야 해.|Study|Beginner|Use when saying something natural in an everyday situation.
1451|I need to organize my notes today.|오늘 메모를 정리해야 해.|Study|Beginner|Use when saying something natural in an everyday situation.
1452|I need to organize my notes before class.|수업 전에 메모를 정리해야 해.|Study|Beginner|Use when saying something natural in an everyday situation.
1453|I need to organize my notes before the quiz.|퀴즈 전에 메모를 정리해야 해.|Study|Beginner|Use when saying something natural in an everyday situation.
1454|I need to organize my notes tonight.|오늘 밤에 메모를 정리해야 해.|Study|Beginner|Use when saying something natural in an everyday situation.
1455|I need to organize my notes this weekend.|이번 주말에 메모를 정리해야 해.|Study|Beginner|Use when saying something natural in an everyday situation.
1456|I need to read the instructions twice today.|오늘 안내문을 두 번 읽어야 해.|Study|Beginner|Use when saying something natural in an everyday situation.
1457|I need to read the instructions twice before class.|수업 전에 안내문을 두 번 읽어야 해.|Study|Beginner|Use when saying something natural in an everyday situation.
1458|I need to read the instructions twice before the quiz.|퀴즈 전에 안내문을 두 번 읽어야 해.|Study|Beginner|Use when saying something natural in an everyday situation.
1459|I need to read the instructions twice tonight.|오늘 밤에 안내문을 두 번 읽어야 해.|Study|Beginner|Use when saying something natural in an everyday situation.
1460|I need to read the instructions twice this weekend.|이번 주말에 안내문을 두 번 읽어야 해.|Study|Beginner|Use when saying something natural in an everyday situation.
1461|I need to mark the important examples today.|오늘 중요한 예시에 표시해야 해.|Study|Beginner|Use when saying something natural in an everyday situation.
1462|I need to mark the important examples before class.|수업 전에 중요한 예시에 표시해야 해.|Study|Beginner|Use when saying something natural in an everyday situation.
1463|I need to mark the important examples before the quiz.|퀴즈 전에 중요한 예시에 표시해야 해.|Study|Beginner|Use when saying something natural in an everyday situation.
1464|I need to mark the important examples tonight.|오늘 밤에 중요한 예시에 표시해야 해.|Study|Beginner|Use when saying something natural in an everyday situation.
1465|I need to mark the important examples this weekend.|이번 주말에 중요한 예시에 표시해야 해.|Study|Beginner|Use when saying something natural in an everyday situation.
1466|I need to finish the worksheet today.|오늘 활동지를 끝내야 해.|Study|Beginner|Use when saying something natural in an everyday situation.
1467|I need to finish the worksheet before class.|수업 전에 활동지를 끝내야 해.|Study|Beginner|Use when saying something natural in an everyday situation.
1468|I need to finish the worksheet before the quiz.|퀴즈 전에 활동지를 끝내야 해.|Study|Beginner|Use when saying something natural in an everyday situation.
1469|I need to finish the worksheet tonight.|오늘 밤에 활동지를 끝내야 해.|Study|Beginner|Use when saying something natural in an everyday situation.
1470|I need to finish the worksheet this weekend.|이번 주말에 활동지를 끝내야 해.|Study|Beginner|Use when saying something natural in an everyday situation.
1471|The sample answer helps me understand the tone better.|모범 답안은 말투를 더 잘 이해하는 데 도움이 돼.|Study|Intermediate|Use when saying something natural in an everyday situation.
1472|The sample answer makes the structure easier to follow.|모범 답안은 구조를 따라가기 더 쉽게 해 줘.|Study|Intermediate|Use when saying something natural in an everyday situation.
1473|The sample answer shows me what I missed.|모범 답안은 내가 놓친 부분을 보여 줘.|Study|Intermediate|Use when saying something natural in an everyday situation.
1474|The sample answer helps me remember the key point.|모범 답안은 핵심 내용을 기억하는 데 도움이 돼.|Study|Intermediate|Use when saying something natural in an everyday situation.
1475|The sample answer makes the difference clearer.|모범 답안은 차이를 더 분명하게 보여 줘.|Study|Intermediate|Use when saying something natural in an everyday situation.
1476|The teacher's example helps me understand the tone better.|선생님 예시는 말투를 더 잘 이해하는 데 도움이 돼.|Study|Intermediate|Use when saying something natural in an everyday situation.
1477|The teacher's example makes the structure easier to follow.|선생님 예시는 구조를 따라가기 더 쉽게 해 줘.|Study|Intermediate|Use when saying something natural in an everyday situation.
1478|The teacher's example shows me what I missed.|선생님 예시는 내가 놓친 부분을 보여 줘.|Study|Intermediate|Use when saying something natural in an everyday situation.
1479|The teacher's example helps me remember the key point.|선생님 예시는 핵심 내용을 기억하는 데 도움이 돼.|Study|Intermediate|Use when saying something natural in an everyday situation.
1480|The teacher's example makes the difference clearer.|선생님 예시는 차이를 더 분명하게 보여 줘.|Study|Intermediate|Use when saying something natural in an everyday situation.
1481|The highlighted notes helps me understand the tone better.|표시해 둔 메모는 말투를 더 잘 이해하는 데 도움이 돼.|Study|Intermediate|Use when saying something natural in an everyday situation.
1482|The highlighted notes makes the structure easier to follow.|표시해 둔 메모는 구조를 따라가기 더 쉽게 해 줘.|Study|Intermediate|Use when saying something natural in an everyday situation.
1483|The highlighted notes shows me what I missed.|표시해 둔 메모는 내가 놓친 부분을 보여 줘.|Study|Intermediate|Use when saying something natural in an everyday situation.
1484|The highlighted notes helps me remember the key point.|표시해 둔 메모는 핵심 내용을 기억하는 데 도움이 돼.|Study|Intermediate|Use when saying something natural in an everyday situation.
1485|The highlighted notes makes the difference clearer.|표시해 둔 메모는 차이를 더 분명하게 보여 줘.|Study|Intermediate|Use when saying something natural in an everyday situation.
1486|The audio replay helps me understand the tone better.|오디오를 다시 듣는 건 말투를 더 잘 이해하는 데 도움이 돼.|Study|Intermediate|Use when saying something natural in an everyday situation.
1487|The audio replay makes the structure easier to follow.|오디오를 다시 듣는 건 구조를 따라가기 더 쉽게 해 줘.|Study|Intermediate|Use when saying something natural in an everyday situation.
1488|The audio replay shows me what I missed.|오디오를 다시 듣는 건 내가 놓친 부분을 보여 줘.|Study|Intermediate|Use when saying something natural in an everyday situation.
1489|The audio replay helps me remember the key point.|오디오를 다시 듣는 건 핵심 내용을 기억하는 데 도움이 돼.|Study|Intermediate|Use when saying something natural in an everyday situation.
1490|The audio replay makes the difference clearer.|오디오를 다시 듣는 건 차이를 더 분명하게 보여 줘.|Study|Intermediate|Use when saying something natural in an everyday situation.
1491|The formula sheet helps me understand the tone better.|공식 정리표는 말투를 더 잘 이해하는 데 도움이 돼.|Study|Intermediate|Use when saying something natural in an everyday situation.
1492|The formula sheet makes the structure easier to follow.|공식 정리표는 구조를 따라가기 더 쉽게 해 줘.|Study|Intermediate|Use when saying something natural in an everyday situation.
1493|The formula sheet shows me what I missed.|공식 정리표는 내가 놓친 부분을 보여 줘.|Study|Intermediate|Use when saying something natural in an everyday situation.
1494|The formula sheet helps me remember the key point.|공식 정리표는 핵심 내용을 기억하는 데 도움이 돼.|Study|Intermediate|Use when saying something natural in an everyday situation.
1495|The formula sheet makes the difference clearer.|공식 정리표는 차이를 더 분명하게 보여 줘.|Study|Intermediate|Use when saying something natural in an everyday situation.
1496|The vocabulary list helps me understand the tone better.|단어 목록은 말투를 더 잘 이해하는 데 도움이 돼.|Study|Intermediate|Use when saying something natural in an everyday situation.
1497|The vocabulary list makes the structure easier to follow.|단어 목록은 구조를 따라가기 더 쉽게 해 줘.|Study|Intermediate|Use when saying something natural in an everyday situation.
1498|The vocabulary list shows me what I missed.|단어 목록은 내가 놓친 부분을 보여 줘.|Study|Intermediate|Use when saying something natural in an everyday situation.
1499|The vocabulary list helps me remember the key point.|단어 목록은 핵심 내용을 기억하는 데 도움이 돼.|Study|Intermediate|Use when saying something natural in an everyday situation.
1500|The vocabulary list makes the difference clearer.|단어 목록은 차이를 더 분명하게 보여 줘.|Study|Intermediate|Use when saying something natural in an everyday situation.
1501|The practice test helps me understand the tone better.|모의고사는 말투를 더 잘 이해하는 데 도움이 돼.|Study|Intermediate|Use when saying something natural in an everyday situation.
1502|The practice test makes the structure easier to follow.|모의고사는 구조를 따라가기 더 쉽게 해 줘.|Study|Intermediate|Use when saying something natural in an everyday situation.
1503|The practice test shows me what I missed.|모의고사는 내가 놓친 부분을 보여 줘.|Study|Intermediate|Use when saying something natural in an everyday situation.
1504|The practice test helps me remember the key point.|모의고사는 핵심 내용을 기억하는 데 도움이 돼.|Study|Intermediate|Use when saying something natural in an everyday situation.
1505|The practice test makes the difference clearer.|모의고사는 차이를 더 분명하게 보여 줘.|Study|Intermediate|Use when saying something natural in an everyday situation.
1506|The summary page helps me understand the tone better.|요약 페이지는 말투를 더 잘 이해하는 데 도움이 돼.|Study|Intermediate|Use when saying something natural in an everyday situation.
1507|The summary page makes the structure easier to follow.|요약 페이지는 구조를 따라가기 더 쉽게 해 줘.|Study|Intermediate|Use when saying something natural in an everyday situation.
1508|The summary page shows me what I missed.|요약 페이지는 내가 놓친 부분을 보여 줘.|Study|Intermediate|Use when saying something natural in an everyday situation.
1509|The summary page helps me remember the key point.|요약 페이지는 핵심 내용을 기억하는 데 도움이 돼.|Study|Intermediate|Use when saying something natural in an everyday situation.
1510|The summary page makes the difference clearer.|요약 페이지는 차이를 더 분명하게 보여 줘.|Study|Intermediate|Use when saying something natural in an everyday situation.
1511|The side notes helps me understand the tone better.|옆에 적어 둔 메모는 말투를 더 잘 이해하는 데 도움이 돼.|Study|Intermediate|Use when saying something natural in an everyday situation.
1512|The side notes makes the structure easier to follow.|옆에 적어 둔 메모는 구조를 따라가기 더 쉽게 해 줘.|Study|Intermediate|Use when saying something natural in an everyday situation.
1513|The side notes shows me what I missed.|옆에 적어 둔 메모는 내가 놓친 부분을 보여 줘.|Study|Intermediate|Use when saying something natural in an everyday situation.
1514|The side notes helps me remember the key point.|옆에 적어 둔 메모는 핵심 내용을 기억하는 데 도움이 돼.|Study|Intermediate|Use when saying something natural in an everyday situation.
1515|The side notes makes the difference clearer.|옆에 적어 둔 메모는 차이를 더 분명하게 보여 줘.|Study|Intermediate|Use when saying something natural in an everyday situation.
1516|The diagram helps me understand the tone better.|도표는 말투를 더 잘 이해하는 데 도움이 돼.|Study|Intermediate|Use when saying something natural in an everyday situation.
1517|The diagram makes the structure easier to follow.|도표는 구조를 따라가기 더 쉽게 해 줘.|Study|Intermediate|Use when saying something natural in an everyday situation.
1518|The diagram shows me what I missed.|도표는 내가 놓친 부분을 보여 줘.|Study|Intermediate|Use when saying something natural in an everyday situation.
1519|The diagram helps me remember the key point.|도표는 핵심 내용을 기억하는 데 도움이 돼.|Study|Intermediate|Use when saying something natural in an everyday situation.
1520|The diagram makes the difference clearer.|도표는 차이를 더 분명하게 보여 줘.|Study|Intermediate|Use when saying something natural in an everyday situation.
1521|I need to confirm the boarding gate today.|오늘 탑승구를 확인해야 해.|Travel|Beginner|Use when saying something natural in an everyday situation.
1522|I need to confirm the boarding gate this morning.|오늘 아침에 탑승구를 확인해야 해.|Travel|Beginner|Use when saying something natural in an everyday situation.
1523|I need to confirm the boarding gate before I leave.|출발하기 전에 탑승구를 확인해야 해.|Travel|Beginner|Use when saying something natural in an everyday situation.
1524|I need to confirm the boarding gate before tonight.|오늘 밤 전에 탑승구를 확인해야 해.|Travel|Beginner|Use when saying something natural in an everyday situation.
1525|I need to confirm the boarding gate as soon as possible.|가능한 한 빨리 탑승구를 확인해야 해.|Travel|Beginner|Use when saying something natural in an everyday situation.
1526|I need to print the train ticket today.|오늘 기차표를 출력해야 해.|Travel|Beginner|Use when saying something natural in an everyday situation.
1527|I need to print the train ticket this morning.|오늘 아침에 기차표를 출력해야 해.|Travel|Beginner|Use when saying something natural in an everyday situation.
1528|I need to print the train ticket before I leave.|출발하기 전에 기차표를 출력해야 해.|Travel|Beginner|Use when saying something natural in an everyday situation.
1529|I need to print the train ticket before tonight.|오늘 밤 전에 기차표를 출력해야 해.|Travel|Beginner|Use when saying something natural in an everyday situation.
1530|I need to print the train ticket as soon as possible.|가능한 한 빨리 기차표를 출력해야 해.|Travel|Beginner|Use when saying something natural in an everyday situation.
1531|I need to check the baggage limit today.|오늘 수하물 한도를 확인해야 해.|Travel|Beginner|Use when saying something natural in an everyday situation.
1532|I need to check the baggage limit this morning.|오늘 아침에 수하물 한도를 확인해야 해.|Travel|Beginner|Use when saying something natural in an everyday situation.
1533|I need to check the baggage limit before I leave.|출발하기 전에 수하물 한도를 확인해야 해.|Travel|Beginner|Use when saying something natural in an everyday situation.
1534|I need to check the baggage limit before tonight.|오늘 밤 전에 수하물 한도를 확인해야 해.|Travel|Beginner|Use when saying something natural in an everyday situation.
1535|I need to check the baggage limit as soon as possible.|가능한 한 빨리 수하물 한도를 확인해야 해.|Travel|Beginner|Use when saying something natural in an everyday situation.
1536|I need to find the shuttle stop today.|오늘 셔틀 정류장을 찾아야 해.|Travel|Beginner|Use when saying something natural in an everyday situation.
1537|I need to find the shuttle stop this morning.|오늘 아침에 셔틀 정류장을 찾아야 해.|Travel|Beginner|Use when saying something natural in an everyday situation.
1538|I need to find the shuttle stop before I leave.|출발하기 전에 셔틀 정류장을 찾아야 해.|Travel|Beginner|Use when saying something natural in an everyday situation.
1539|I need to find the shuttle stop before tonight.|오늘 밤 전에 셔틀 정류장을 찾아야 해.|Travel|Beginner|Use when saying something natural in an everyday situation.
1540|I need to find the shuttle stop as soon as possible.|가능한 한 빨리 셔틀 정류장을 찾아야 해.|Travel|Beginner|Use when saying something natural in an everyday situation.
1541|I need to store my suitcase today.|오늘 캐리어를 맡겨야 해.|Travel|Beginner|Use when saying something natural in an everyday situation.
1542|I need to store my suitcase this morning.|오늘 아침에 캐리어를 맡겨야 해.|Travel|Beginner|Use when saying something natural in an everyday situation.
1543|I need to store my suitcase before I leave.|출발하기 전에 캐리어를 맡겨야 해.|Travel|Beginner|Use when saying something natural in an everyday situation.
1544|I need to store my suitcase before tonight.|오늘 밤 전에 캐리어를 맡겨야 해.|Travel|Beginner|Use when saying something natural in an everyday situation.
1545|I need to store my suitcase as soon as possible.|가능한 한 빨리 캐리어를 맡겨야 해.|Travel|Beginner|Use when saying something natural in an everyday situation.
1546|I need to change the return date today.|오늘 돌아오는 날짜를 바꿔야 해.|Travel|Beginner|Use when saying something natural in an everyday situation.
1547|I need to change the return date this morning.|오늘 아침에 돌아오는 날짜를 바꿔야 해.|Travel|Beginner|Use when saying something natural in an everyday situation.
1548|I need to change the return date before I leave.|출발하기 전에 돌아오는 날짜를 바꿔야 해.|Travel|Beginner|Use when saying something natural in an everyday situation.
1549|I need to change the return date before tonight.|오늘 밤 전에 돌아오는 날짜를 바꿔야 해.|Travel|Beginner|Use when saying something natural in an everyday situation.
1550|I need to change the return date as soon as possible.|가능한 한 빨리 돌아오는 날짜를 바꿔야 해.|Travel|Beginner|Use when saying something natural in an everyday situation.
1551|I need to download the offline map today.|오늘 오프라인 지도를 내려받아야 해.|Travel|Beginner|Use when saying something natural in an everyday situation.
1552|I need to download the offline map this morning.|오늘 아침에 오프라인 지도를 내려받아야 해.|Travel|Beginner|Use when saying something natural in an everyday situation.
1553|I need to download the offline map before I leave.|출발하기 전에 오프라인 지도를 내려받아야 해.|Travel|Beginner|Use when saying something natural in an everyday situation.
1554|I need to download the offline map before tonight.|오늘 밤 전에 오프라인 지도를 내려받아야 해.|Travel|Beginner|Use when saying something natural in an everyday situation.
1555|I need to download the offline map as soon as possible.|가능한 한 빨리 오프라인 지도를 내려받아야 해.|Travel|Beginner|Use when saying something natural in an everyday situation.
1556|I need to ask about late checkout today.|오늘 늦은 체크아웃이 되는지 물어봐야 해.|Travel|Beginner|Use when saying something natural in an everyday situation.
1557|I need to ask about late checkout this morning.|오늘 아침에 늦은 체크아웃이 되는지 물어봐야 해.|Travel|Beginner|Use when saying something natural in an everyday situation.
1558|I need to ask about late checkout before I leave.|출발하기 전에 늦은 체크아웃이 되는지 물어봐야 해.|Travel|Beginner|Use when saying something natural in an everyday situation.
1559|I need to ask about late checkout before tonight.|오늘 밤 전에 늦은 체크아웃이 되는지 물어봐야 해.|Travel|Beginner|Use when saying something natural in an everyday situation.
1560|I need to ask about late checkout as soon as possible.|가능한 한 빨리 늦은 체크아웃이 되는지 물어봐야 해.|Travel|Beginner|Use when saying something natural in an everyday situation.
1561|I need to recharge my transit card today.|오늘 교통카드를 다시 충전해야 해.|Travel|Beginner|Use when saying something natural in an everyday situation.
1562|I need to recharge my transit card this morning.|오늘 아침에 교통카드를 다시 충전해야 해.|Travel|Beginner|Use when saying something natural in an everyday situation.
1563|I need to recharge my transit card before I leave.|출발하기 전에 교통카드를 다시 충전해야 해.|Travel|Beginner|Use when saying something natural in an everyday situation.
1564|I need to recharge my transit card before tonight.|오늘 밤 전에 교통카드를 다시 충전해야 해.|Travel|Beginner|Use when saying something natural in an everyday situation.
1565|I need to recharge my transit card as soon as possible.|가능한 한 빨리 교통카드를 다시 충전해야 해.|Travel|Beginner|Use when saying something natural in an everyday situation.
1566|I need to find the platform number today.|오늘 승강장 번호를 찾아야 해.|Travel|Beginner|Use when saying something natural in an everyday situation.
1567|I need to find the platform number this morning.|오늘 아침에 승강장 번호를 찾아야 해.|Travel|Beginner|Use when saying something natural in an everyday situation.
1568|I need to find the platform number before I leave.|출발하기 전에 승강장 번호를 찾아야 해.|Travel|Beginner|Use when saying something natural in an everyday situation.
1569|I need to find the platform number before tonight.|오늘 밤 전에 승강장 번호를 찾아야 해.|Travel|Beginner|Use when saying something natural in an everyday situation.
1570|I need to find the platform number as soon as possible.|가능한 한 빨리 승강장 번호를 찾아야 해.|Travel|Beginner|Use when saying something natural in an everyday situation.
1571|I am trying to pack lighter on this trip.|이번 여행에서는 짐을 더 가볍게 싸려고 해.|Travel|Intermediate|Use when saying something natural in an everyday situation.
1572|I am trying to pack lighter for the weekend trip.|주말 여행에서는 짐을 더 가볍게 싸려고 해.|Travel|Intermediate|Use when saying something natural in an everyday situation.
1573|I am trying to pack lighter when I travel alone.|혼자 여행할 때는 짐을 더 가볍게 싸려고 해.|Travel|Intermediate|Use when saying something natural in an everyday situation.
1574|I am trying to pack lighter on busy travel days.|이동이 많은 날에는 짐을 더 가볍게 싸려고 해.|Travel|Intermediate|Use when saying something natural in an everyday situation.
1575|I am trying to pack lighter when the schedule is tight.|일정이 빠듯할 때는 짐을 더 가볍게 싸려고 해.|Travel|Intermediate|Use when saying something natural in an everyday situation.
1576|I am trying to leave earlier on this trip.|이번 여행에서는 더 일찍 출발하려고 해.|Travel|Intermediate|Use when saying something natural in an everyday situation.
1577|I am trying to leave earlier for the weekend trip.|주말 여행에서는 더 일찍 출발하려고 해.|Travel|Intermediate|Use when saying something natural in an everyday situation.
1578|I am trying to leave earlier when I travel alone.|혼자 여행할 때는 더 일찍 출발하려고 해.|Travel|Intermediate|Use when saying something natural in an everyday situation.
1579|I am trying to leave earlier on busy travel days.|이동이 많은 날에는 더 일찍 출발하려고 해.|Travel|Intermediate|Use when saying something natural in an everyday situation.
1580|I am trying to leave earlier when the schedule is tight.|일정이 빠듯할 때는 더 일찍 출발하려고 해.|Travel|Intermediate|Use when saying something natural in an everyday situation.
1581|I am trying to stay near the station on this trip.|이번 여행에서는 역 근처에 머무르려고 해.|Travel|Intermediate|Use when saying something natural in an everyday situation.
1582|I am trying to stay near the station for the weekend trip.|주말 여행에서는 역 근처에 머무르려고 해.|Travel|Intermediate|Use when saying something natural in an everyday situation.
1583|I am trying to stay near the station when I travel alone.|혼자 여행할 때는 역 근처에 머무르려고 해.|Travel|Intermediate|Use when saying something natural in an everyday situation.
1584|I am trying to stay near the station on busy travel days.|이동이 많은 날에는 역 근처에 머무르려고 해.|Travel|Intermediate|Use when saying something natural in an everyday situation.
1585|I am trying to stay near the station when the schedule is tight.|일정이 빠듯할 때는 역 근처에 머무르려고 해.|Travel|Intermediate|Use when saying something natural in an everyday situation.
1586|I am trying to keep my passport handy on this trip.|이번 여행에서는 여권을 바로 꺼낼 수 있게 두려고 해.|Travel|Intermediate|Use when saying something natural in an everyday situation.
1587|I am trying to keep my passport handy for the weekend trip.|주말 여행에서는 여권을 바로 꺼낼 수 있게 두려고 해.|Travel|Intermediate|Use when saying something natural in an everyday situation.
1588|I am trying to keep my passport handy when I travel alone.|혼자 여행할 때는 여권을 바로 꺼낼 수 있게 두려고 해.|Travel|Intermediate|Use when saying something natural in an everyday situation.
1589|I am trying to keep my passport handy on busy travel days.|이동이 많은 날에는 여권을 바로 꺼낼 수 있게 두려고 해.|Travel|Intermediate|Use when saying something natural in an everyday situation.
1590|I am trying to keep my passport handy when the schedule is tight.|일정이 빠듯할 때는 여권을 바로 꺼낼 수 있게 두려고 해.|Travel|Intermediate|Use when saying something natural in an everyday situation.
1591|I am trying to book flexible tickets on this trip.|이번 여행에서는 변경 가능한 표를 예약하려고 해.|Travel|Intermediate|Use when saying something natural in an everyday situation.
1592|I am trying to book flexible tickets for the weekend trip.|주말 여행에서는 변경 가능한 표를 예약하려고 해.|Travel|Intermediate|Use when saying something natural in an everyday situation.
1593|I am trying to book flexible tickets when I travel alone.|혼자 여행할 때는 변경 가능한 표를 예약하려고 해.|Travel|Intermediate|Use when saying something natural in an everyday situation.
1594|I am trying to book flexible tickets on busy travel days.|이동이 많은 날에는 변경 가능한 표를 예약하려고 해.|Travel|Intermediate|Use when saying something natural in an everyday situation.
1595|I am trying to book flexible tickets when the schedule is tight.|일정이 빠듯할 때는 변경 가능한 표를 예약하려고 해.|Travel|Intermediate|Use when saying something natural in an everyday situation.
1596|I am trying to follow the signs carefully on this trip.|이번 여행에서는 표지판을 꼼꼼히 따라가려고 해.|Travel|Intermediate|Use when saying something natural in an everyday situation.
1597|I am trying to follow the signs carefully for the weekend trip.|주말 여행에서는 표지판을 꼼꼼히 따라가려고 해.|Travel|Intermediate|Use when saying something natural in an everyday situation.
1598|I am trying to follow the signs carefully when I travel alone.|혼자 여행할 때는 표지판을 꼼꼼히 따라가려고 해.|Travel|Intermediate|Use when saying something natural in an everyday situation.
1599|I am trying to follow the signs carefully on busy travel days.|이동이 많은 날에는 표지판을 꼼꼼히 따라가려고 해.|Travel|Intermediate|Use when saying something natural in an everyday situation.
1600|I am trying to follow the signs carefully when the schedule is tight.|일정이 빠듯할 때는 표지판을 꼼꼼히 따라가려고 해.|Travel|Intermediate|Use when saying something natural in an everyday situation.
1601|I am trying to check the weather first on this trip.|이번 여행에서는 먼저 날씨를 확인하려고 해.|Travel|Intermediate|Use when saying something natural in an everyday situation.
1602|I am trying to check the weather first for the weekend trip.|주말 여행에서는 먼저 날씨를 확인하려고 해.|Travel|Intermediate|Use when saying something natural in an everyday situation.
1603|I am trying to check the weather first when I travel alone.|혼자 여행할 때는 먼저 날씨를 확인하려고 해.|Travel|Intermediate|Use when saying something natural in an everyday situation.
1604|I am trying to check the weather first on busy travel days.|이동이 많은 날에는 먼저 날씨를 확인하려고 해.|Travel|Intermediate|Use when saying something natural in an everyday situation.
1605|I am trying to check the weather first when the schedule is tight.|일정이 빠듯할 때는 먼저 날씨를 확인하려고 해.|Travel|Intermediate|Use when saying something natural in an everyday situation.
1606|I am trying to avoid the rush hour on this trip.|이번 여행에서는 붐비는 시간을 피하려고 해.|Travel|Intermediate|Use when saying something natural in an everyday situation.
1607|I am trying to avoid the rush hour for the weekend trip.|주말 여행에서는 붐비는 시간을 피하려고 해.|Travel|Intermediate|Use when saying something natural in an everyday situation.
1608|I am trying to avoid the rush hour when I travel alone.|혼자 여행할 때는 붐비는 시간을 피하려고 해.|Travel|Intermediate|Use when saying something natural in an everyday situation.
1609|I am trying to avoid the rush hour on busy travel days.|이동이 많은 날에는 붐비는 시간을 피하려고 해.|Travel|Intermediate|Use when saying something natural in an everyday situation.
1610|I am trying to avoid the rush hour when the schedule is tight.|일정이 빠듯할 때는 붐비는 시간을 피하려고 해.|Travel|Intermediate|Use when saying something natural in an everyday situation.
1611|I am trying to keep my bag organized on this trip.|이번 여행에서는 가방을 정돈된 상태로 두려고 해.|Travel|Intermediate|Use when saying something natural in an everyday situation.
1612|I am trying to keep my bag organized for the weekend trip.|주말 여행에서는 가방을 정돈된 상태로 두려고 해.|Travel|Intermediate|Use when saying something natural in an everyday situation.
1613|I am trying to keep my bag organized when I travel alone.|혼자 여행할 때는 가방을 정돈된 상태로 두려고 해.|Travel|Intermediate|Use when saying something natural in an everyday situation.
1614|I am trying to keep my bag organized on busy travel days.|이동이 많은 날에는 가방을 정돈된 상태로 두려고 해.|Travel|Intermediate|Use when saying something natural in an everyday situation.
1615|I am trying to keep my bag organized when the schedule is tight.|일정이 빠듯할 때는 가방을 정돈된 상태로 두려고 해.|Travel|Intermediate|Use when saying something natural in an everyday situation.
1616|I am trying to plan shorter routes on this trip.|이번 여행에서는 더 짧은 경로를 짜려고 해.|Travel|Intermediate|Use when saying something natural in an everyday situation.
1617|I am trying to plan shorter routes for the weekend trip.|주말 여행에서는 더 짧은 경로를 짜려고 해.|Travel|Intermediate|Use when saying something natural in an everyday situation.
1618|I am trying to plan shorter routes when I travel alone.|혼자 여행할 때는 더 짧은 경로를 짜려고 해.|Travel|Intermediate|Use when saying something natural in an everyday situation.
1619|I am trying to plan shorter routes on busy travel days.|이동이 많은 날에는 더 짧은 경로를 짜려고 해.|Travel|Intermediate|Use when saying something natural in an everyday situation.
1620|I am trying to plan shorter routes when the schedule is tight.|일정이 빠듯할 때는 더 짧은 경로를 짜려고 해.|Travel|Intermediate|Use when saying something natural in an everyday situation.
1621|Would you like to grab coffee tomorrow?|내일 커피 한잔할래요?|Social|Beginner|Use when asking something politely in a practical situation.
1622|Would you like to grab coffee this weekend?|이번 주말에 커피 한잔할래요?|Social|Beginner|Use when asking something politely in a practical situation.
1623|Would you like to grab coffee after work?|퇴근 후에 커피 한잔할래요?|Social|Beginner|Use when asking something politely in a practical situation.
1624|Would you like to grab coffee sometime next week?|다음 주 중에 커피 한잔할래요?|Social|Beginner|Use when asking something politely in a practical situation.
1625|Would you like to grab coffee when you are free?|시간 괜찮을 때 커피 한잔할래요?|Social|Beginner|Use when asking something politely in a practical situation.
1626|Would you like to get something to eat tomorrow?|내일 같이 뭐 좀 먹을래요?|Social|Beginner|Use when asking something politely in a practical situation.
1627|Would you like to get something to eat this weekend?|이번 주말에 같이 뭐 좀 먹을래요?|Social|Beginner|Use when asking something politely in a practical situation.
1628|Would you like to get something to eat after work?|퇴근 후에 같이 뭐 좀 먹을래요?|Social|Beginner|Use when asking something politely in a practical situation.
1629|Would you like to get something to eat sometime next week?|다음 주 중에 같이 뭐 좀 먹을래요?|Social|Beginner|Use when asking something politely in a practical situation.
1630|Would you like to get something to eat when you are free?|시간 괜찮을 때 같이 뭐 좀 먹을래요?|Social|Beginner|Use when asking something politely in a practical situation.
1631|Would you like to take a short walk tomorrow?|내일 잠깐 산책할래요?|Social|Beginner|Use when asking something politely in a practical situation.
1632|Would you like to take a short walk this weekend?|이번 주말에 잠깐 산책할래요?|Social|Beginner|Use when asking something politely in a practical situation.
1633|Would you like to take a short walk after work?|퇴근 후에 잠깐 산책할래요?|Social|Beginner|Use when asking something politely in a practical situation.
1634|Would you like to take a short walk sometime next week?|다음 주 중에 잠깐 산책할래요?|Social|Beginner|Use when asking something politely in a practical situation.
1635|Would you like to take a short walk when you are free?|시간 괜찮을 때 잠깐 산책할래요?|Social|Beginner|Use when asking something politely in a practical situation.
1636|Would you like to meet up nearby tomorrow?|내일 근처에서 만날래요?|Social|Beginner|Use when asking something politely in a practical situation.
1637|Would you like to meet up nearby this weekend?|이번 주말에 근처에서 만날래요?|Social|Beginner|Use when asking something politely in a practical situation.
1638|Would you like to meet up nearby after work?|퇴근 후에 근처에서 만날래요?|Social|Beginner|Use when asking something politely in a practical situation.
1639|Would you like to meet up nearby sometime next week?|다음 주 중에 근처에서 만날래요?|Social|Beginner|Use when asking something politely in a practical situation.
1640|Would you like to meet up nearby when you are free?|시간 괜찮을 때 근처에서 만날래요?|Social|Beginner|Use when asking something politely in a practical situation.
1641|Would you like to visit the new cafe tomorrow?|내일 새 카페 가 볼래요?|Social|Beginner|Use when asking something politely in a practical situation.
1642|Would you like to visit the new cafe this weekend?|이번 주말에 새 카페 가 볼래요?|Social|Beginner|Use when asking something politely in a practical situation.
1643|Would you like to visit the new cafe after work?|퇴근 후에 새 카페 가 볼래요?|Social|Beginner|Use when asking something politely in a practical situation.
1644|Would you like to visit the new cafe sometime next week?|다음 주 중에 새 카페 가 볼래요?|Social|Beginner|Use when asking something politely in a practical situation.
1645|Would you like to visit the new cafe when you are free?|시간 괜찮을 때 새 카페 가 볼래요?|Social|Beginner|Use when asking something politely in a practical situation.
1646|Would you like to browse the market tomorrow?|내일 시장 구경할래요?|Social|Beginner|Use when asking something politely in a practical situation.
1647|Would you like to browse the market this weekend?|이번 주말에 시장 구경할래요?|Social|Beginner|Use when asking something politely in a practical situation.
1648|Would you like to browse the market after work?|퇴근 후에 시장 구경할래요?|Social|Beginner|Use when asking something politely in a practical situation.
1649|Would you like to browse the market sometime next week?|다음 주 중에 시장 구경할래요?|Social|Beginner|Use when asking something politely in a practical situation.
1650|Would you like to browse the market when you are free?|시간 괜찮을 때 시장 구경할래요?|Social|Beginner|Use when asking something politely in a practical situation.
1651|Would you like to talk in person tomorrow?|내일 직접 이야기할래요?|Social|Beginner|Use when asking something politely in a practical situation.
1652|Would you like to talk in person this weekend?|이번 주말에 직접 이야기할래요?|Social|Beginner|Use when asking something politely in a practical situation.
1653|Would you like to talk in person after work?|퇴근 후에 직접 이야기할래요?|Social|Beginner|Use when asking something politely in a practical situation.
1654|Would you like to talk in person sometime next week?|다음 주 중에 직접 이야기할래요?|Social|Beginner|Use when asking something politely in a practical situation.
1655|Would you like to talk in person when you are free?|시간 괜찮을 때 직접 이야기할래요?|Social|Beginner|Use when asking something politely in a practical situation.
1656|Would you like to hang out for a bit tomorrow?|내일 잠깐 같이 있을래요?|Social|Beginner|Use when asking something politely in a practical situation.
1657|Would you like to hang out for a bit this weekend?|이번 주말에 잠깐 같이 있을래요?|Social|Beginner|Use when asking something politely in a practical situation.
1658|Would you like to hang out for a bit after work?|퇴근 후에 잠깐 같이 있을래요?|Social|Beginner|Use when asking something politely in a practical situation.
1659|Would you like to hang out for a bit sometime next week?|다음 주 중에 잠깐 같이 있을래요?|Social|Beginner|Use when asking something politely in a practical situation.
1660|Would you like to hang out for a bit when you are free?|시간 괜찮을 때 잠깐 같이 있을래요?|Social|Beginner|Use when asking something politely in a practical situation.
1661|Would you like to visit the bookstore tomorrow?|내일 서점에 같이 갈래요?|Social|Beginner|Use when asking something politely in a practical situation.
1662|Would you like to visit the bookstore this weekend?|이번 주말에 서점에 같이 갈래요?|Social|Beginner|Use when asking something politely in a practical situation.
1663|Would you like to visit the bookstore after work?|퇴근 후에 서점에 같이 갈래요?|Social|Beginner|Use when asking something politely in a practical situation.
1664|Would you like to visit the bookstore sometime next week?|다음 주 중에 서점에 같이 갈래요?|Social|Beginner|Use when asking something politely in a practical situation.
1665|Would you like to visit the bookstore when you are free?|시간 괜찮을 때 서점에 같이 갈래요?|Social|Beginner|Use when asking something politely in a practical situation.
1666|Would you like to catch up properly tomorrow?|내일 제대로 이야기 나눌래요?|Social|Beginner|Use when asking something politely in a practical situation.
1667|Would you like to catch up properly this weekend?|이번 주말에 제대로 이야기 나눌래요?|Social|Beginner|Use when asking something politely in a practical situation.
1668|Would you like to catch up properly after work?|퇴근 후에 제대로 이야기 나눌래요?|Social|Beginner|Use when asking something politely in a practical situation.
1669|Would you like to catch up properly sometime next week?|다음 주 중에 제대로 이야기 나눌래요?|Social|Beginner|Use when asking something politely in a practical situation.
1670|Would you like to catch up properly when you are free?|시간 괜찮을 때 제대로 이야기 나눌래요?|Social|Beginner|Use when asking something politely in a practical situation.
1671|I can stay a little longer if that works for you.|네가 괜찮다면 조금 더 있을 수 있어.|Social|Intermediate|Use when saying something natural in an everyday situation.
1672|I can stay a little longer if the schedule stays the same.|일정이 그대로면 조금 더 있을 수 있어.|Social|Intermediate|Use when saying something natural in an everyday situation.
1673|I can stay a little longer if you still need me.|아직 내가 필요하면 조금 더 있을 수 있어.|Social|Intermediate|Use when saying something natural in an everyday situation.
1674|I can stay a little longer if nothing comes up.|다른 일이 없으면 조금 더 있을 수 있어.|Social|Intermediate|Use when saying something natural in an everyday situation.
1675|I can stay a little longer if we keep it short.|짧게 본다면 조금 더 있을 수 있어.|Social|Intermediate|Use when saying something natural in an everyday situation.
1676|I can meet after seven if that works for you.|네가 괜찮다면 7시 이후에 만날 수 있어.|Social|Intermediate|Use when saying something natural in an everyday situation.
1677|I can meet after seven if the schedule stays the same.|일정이 그대로면 7시 이후에 만날 수 있어.|Social|Intermediate|Use when saying something natural in an everyday situation.
1678|I can meet after seven if you still need me.|아직 내가 필요하면 7시 이후에 만날 수 있어.|Social|Intermediate|Use when saying something natural in an everyday situation.
1679|I can meet after seven if nothing comes up.|다른 일이 없으면 7시 이후에 만날 수 있어.|Social|Intermediate|Use when saying something natural in an everyday situation.
1680|I can meet after seven if we keep it short.|짧게 본다면 7시 이후에 만날 수 있어.|Social|Intermediate|Use when saying something natural in an everyday situation.
1681|I can call you on the way home if that works for you.|네가 괜찮다면 집에 가는 길에 전화할 수 있어.|Social|Intermediate|Use when saying something natural in an everyday situation.
1682|I can call you on the way home if the schedule stays the same.|일정이 그대로면 집에 가는 길에 전화할 수 있어.|Social|Intermediate|Use when saying something natural in an everyday situation.
1683|I can call you on the way home if you still need me.|아직 내가 필요하면 집에 가는 길에 전화할 수 있어.|Social|Intermediate|Use when saying something natural in an everyday situation.
1684|I can call you on the way home if nothing comes up.|다른 일이 없으면 집에 가는 길에 전화할 수 있어.|Social|Intermediate|Use when saying something natural in an everyday situation.
1685|I can call you on the way home if we keep it short.|짧게 본다면 집에 가는 길에 전화할 수 있어.|Social|Intermediate|Use when saying something natural in an everyday situation.
1686|I can stop by for a few minutes if that works for you.|네가 괜찮다면 몇 분 정도 들를 수 있어.|Social|Intermediate|Use when saying something natural in an everyday situation.
1687|I can stop by for a few minutes if the schedule stays the same.|일정이 그대로면 몇 분 정도 들를 수 있어.|Social|Intermediate|Use when saying something natural in an everyday situation.
1688|I can stop by for a few minutes if you still need me.|아직 내가 필요하면 몇 분 정도 들를 수 있어.|Social|Intermediate|Use when saying something natural in an everyday situation.
1689|I can stop by for a few minutes if nothing comes up.|다른 일이 없으면 몇 분 정도 들를 수 있어.|Social|Intermediate|Use when saying something natural in an everyday situation.
1690|I can stop by for a few minutes if we keep it short.|짧게 본다면 몇 분 정도 들를 수 있어.|Social|Intermediate|Use when saying something natural in an everyday situation.
1691|I can make time tomorrow if that works for you.|네가 괜찮다면 내일 시간을 낼 수 있어.|Social|Intermediate|Use when saying something natural in an everyday situation.
1692|I can make time tomorrow if the schedule stays the same.|일정이 그대로면 내일 시간을 낼 수 있어.|Social|Intermediate|Use when saying something natural in an everyday situation.
1693|I can make time tomorrow if you still need me.|아직 내가 필요하면 내일 시간을 낼 수 있어.|Social|Intermediate|Use when saying something natural in an everyday situation.
1694|I can make time tomorrow if nothing comes up.|다른 일이 없으면 내일 시간을 낼 수 있어.|Social|Intermediate|Use when saying something natural in an everyday situation.
1695|I can make time tomorrow if we keep it short.|짧게 본다면 내일 시간을 낼 수 있어.|Social|Intermediate|Use when saying something natural in an everyday situation.
1696|I can join for the first hour if that works for you.|네가 괜찮다면 처음 한 시간은 함께할 수 있어.|Social|Intermediate|Use when saying something natural in an everyday situation.
1697|I can join for the first hour if the schedule stays the same.|일정이 그대로면 처음 한 시간은 함께할 수 있어.|Social|Intermediate|Use when saying something natural in an everyday situation.
1698|I can join for the first hour if you still need me.|아직 내가 필요하면 처음 한 시간은 함께할 수 있어.|Social|Intermediate|Use when saying something natural in an everyday situation.
1699|I can join for the first hour if nothing comes up.|다른 일이 없으면 처음 한 시간은 함께할 수 있어.|Social|Intermediate|Use when saying something natural in an everyday situation.
1700|I can join for the first hour if we keep it short.|짧게 본다면 처음 한 시간은 함께할 수 있어.|Social|Intermediate|Use when saying something natural in an everyday situation.
1701|I can check in later tonight if that works for you.|네가 괜찮다면 오늘 밤에 다시 연락할 수 있어.|Social|Intermediate|Use when saying something natural in an everyday situation.
1702|I can check in later tonight if the schedule stays the same.|일정이 그대로면 오늘 밤에 다시 연락할 수 있어.|Social|Intermediate|Use when saying something natural in an everyday situation.
1703|I can check in later tonight if you still need me.|아직 내가 필요하면 오늘 밤에 다시 연락할 수 있어.|Social|Intermediate|Use when saying something natural in an everyday situation.
1704|I can check in later tonight if nothing comes up.|다른 일이 없으면 오늘 밤에 다시 연락할 수 있어.|Social|Intermediate|Use when saying something natural in an everyday situation.
1705|I can check in later tonight if we keep it short.|짧게 본다면 오늘 밤에 다시 연락할 수 있어.|Social|Intermediate|Use when saying something natural in an everyday situation.
1706|I can help after lunch if that works for you.|네가 괜찮다면 점심 먹고 도울 수 있어.|Social|Intermediate|Use when saying something natural in an everyday situation.
1707|I can help after lunch if the schedule stays the same.|일정이 그대로면 점심 먹고 도울 수 있어.|Social|Intermediate|Use when saying something natural in an everyday situation.
1708|I can help after lunch if you still need me.|아직 내가 필요하면 점심 먹고 도울 수 있어.|Social|Intermediate|Use when saying something natural in an everyday situation.
1709|I can help after lunch if nothing comes up.|다른 일이 없으면 점심 먹고 도울 수 있어.|Social|Intermediate|Use when saying something natural in an everyday situation.
1710|I can help after lunch if we keep it short.|짧게 본다면 점심 먹고 도울 수 있어.|Social|Intermediate|Use when saying something natural in an everyday situation.
1711|I can talk once I get home if that works for you.|네가 괜찮다면 집에 도착하면 이야기할 수 있어.|Social|Intermediate|Use when saying something natural in an everyday situation.
1712|I can talk once I get home if the schedule stays the same.|일정이 그대로면 집에 도착하면 이야기할 수 있어.|Social|Intermediate|Use when saying something natural in an everyday situation.
1713|I can talk once I get home if you still need me.|아직 내가 필요하면 집에 도착하면 이야기할 수 있어.|Social|Intermediate|Use when saying something natural in an everyday situation.
1714|I can talk once I get home if nothing comes up.|다른 일이 없으면 집에 도착하면 이야기할 수 있어.|Social|Intermediate|Use when saying something natural in an everyday situation.
1715|I can talk once I get home if we keep it short.|짧게 본다면 집에 도착하면 이야기할 수 있어.|Social|Intermediate|Use when saying something natural in an everyday situation.
1716|I can reply after dinner if that works for you.|네가 괜찮다면 저녁 먹고 답장할 수 있어.|Social|Intermediate|Use when saying something natural in an everyday situation.
1717|I can reply after dinner if the schedule stays the same.|일정이 그대로면 저녁 먹고 답장할 수 있어.|Social|Intermediate|Use when saying something natural in an everyday situation.
1718|I can reply after dinner if you still need me.|아직 내가 필요하면 저녁 먹고 답장할 수 있어.|Social|Intermediate|Use when saying something natural in an everyday situation.
1719|I can reply after dinner if nothing comes up.|다른 일이 없으면 저녁 먹고 답장할 수 있어.|Social|Intermediate|Use when saying something natural in an everyday situation.
1720|I can reply after dinner if we keep it short.|짧게 본다면 저녁 먹고 답장할 수 있어.|Social|Intermediate|Use when saying something natural in an everyday situation.
1721|I should drink more water this week.|이번 주에는 물을 좀 더 마셔야 해.|Health|Beginner|Use when saying something natural in an everyday situation.
1722|I should drink more water after lunch.|점심 먹고 나서는 물을 좀 더 마셔야 해.|Health|Beginner|Use when saying something natural in an everyday situation.
1723|I should drink more water before the headache gets worse.|두통이 더 심해지기 전에 물을 좀 더 마셔야 해.|Health|Beginner|Use when saying something natural in an everyday situation.
1724|I should drink more water on busy days.|바쁜 날에는 물을 좀 더 마셔야 해.|Health|Beginner|Use when saying something natural in an everyday situation.
1725|I should drink more water when I start feeling tired.|피곤해지기 시작하면 물을 좀 더 마셔야 해.|Health|Beginner|Use when saying something natural in an everyday situation.
1726|I should stretch my shoulders this week.|이번 주에는 어깨를 풀어 줘야 해.|Health|Beginner|Use when saying something natural in an everyday situation.
1727|I should stretch my shoulders after lunch.|점심 먹고 나서는 어깨를 풀어 줘야 해.|Health|Beginner|Use when saying something natural in an everyday situation.
1728|I should stretch my shoulders before the headache gets worse.|두통이 더 심해지기 전에 어깨를 풀어 줘야 해.|Health|Beginner|Use when saying something natural in an everyday situation.
1729|I should stretch my shoulders on busy days.|바쁜 날에는 어깨를 풀어 줘야 해.|Health|Beginner|Use when saying something natural in an everyday situation.
1730|I should stretch my shoulders when I start feeling tired.|피곤해지기 시작하면 어깨를 풀어 줘야 해.|Health|Beginner|Use when saying something natural in an everyday situation.
1731|I should go to bed earlier this week.|이번 주에는 더 일찍 자야 해.|Health|Beginner|Use when saying something natural in an everyday situation.
1732|I should go to bed earlier after lunch.|점심 먹고 나서는 더 일찍 자야 해.|Health|Beginner|Use when saying something natural in an everyday situation.
1733|I should go to bed earlier before the headache gets worse.|두통이 더 심해지기 전에 더 일찍 자야 해.|Health|Beginner|Use when saying something natural in an everyday situation.
1734|I should go to bed earlier on busy days.|바쁜 날에는 더 일찍 자야 해.|Health|Beginner|Use when saying something natural in an everyday situation.
1735|I should go to bed earlier when I start feeling tired.|피곤해지기 시작하면 더 일찍 자야 해.|Health|Beginner|Use when saying something natural in an everyday situation.
1736|I should take a short walk this week.|이번 주에는 짧게 걸어야 해.|Health|Beginner|Use when saying something natural in an everyday situation.
1737|I should take a short walk after lunch.|점심 먹고 나서는 짧게 걸어야 해.|Health|Beginner|Use when saying something natural in an everyday situation.
1738|I should take a short walk before the headache gets worse.|두통이 더 심해지기 전에 짧게 걸어야 해.|Health|Beginner|Use when saying something natural in an everyday situation.
1739|I should take a short walk on busy days.|바쁜 날에는 짧게 걸어야 해.|Health|Beginner|Use when saying something natural in an everyday situation.
1740|I should take a short walk when I start feeling tired.|피곤해지기 시작하면 짧게 걸어야 해.|Health|Beginner|Use when saying something natural in an everyday situation.
1741|I should cut back on sugar this week.|이번 주에는 당분을 좀 줄여야 해.|Health|Beginner|Use when saying something natural in an everyday situation.
1742|I should cut back on sugar after lunch.|점심 먹고 나서는 당분을 좀 줄여야 해.|Health|Beginner|Use when saying something natural in an everyday situation.
1743|I should cut back on sugar before the headache gets worse.|두통이 더 심해지기 전에 당분을 좀 줄여야 해.|Health|Beginner|Use when saying something natural in an everyday situation.
1744|I should cut back on sugar on busy days.|바쁜 날에는 당분을 좀 줄여야 해.|Health|Beginner|Use when saying something natural in an everyday situation.
1745|I should cut back on sugar when I start feeling tired.|피곤해지기 시작하면 당분을 좀 줄여야 해.|Health|Beginner|Use when saying something natural in an everyday situation.
1746|I should slow down a little this week.|이번 주에는 조금 속도를 늦춰야 해.|Health|Beginner|Use when saying something natural in an everyday situation.
1747|I should slow down a little after lunch.|점심 먹고 나서는 조금 속도를 늦춰야 해.|Health|Beginner|Use when saying something natural in an everyday situation.
1748|I should slow down a little before the headache gets worse.|두통이 더 심해지기 전에 조금 속도를 늦춰야 해.|Health|Beginner|Use when saying something natural in an everyday situation.
1749|I should slow down a little on busy days.|바쁜 날에는 조금 속도를 늦춰야 해.|Health|Beginner|Use when saying something natural in an everyday situation.
1750|I should slow down a little when I start feeling tired.|피곤해지기 시작하면 조금 속도를 늦춰야 해.|Health|Beginner|Use when saying something natural in an everyday situation.
1751|I should rest my eyes this week.|이번 주에는 눈을 쉬게 해야 해.|Health|Beginner|Use when saying something natural in an everyday situation.
1752|I should rest my eyes after lunch.|점심 먹고 나서는 눈을 쉬게 해야 해.|Health|Beginner|Use when saying something natural in an everyday situation.
1753|I should rest my eyes before the headache gets worse.|두통이 더 심해지기 전에 눈을 쉬게 해야 해.|Health|Beginner|Use when saying something natural in an everyday situation.
1754|I should rest my eyes on busy days.|바쁜 날에는 눈을 쉬게 해야 해.|Health|Beginner|Use when saying something natural in an everyday situation.
1755|I should rest my eyes when I start feeling tired.|피곤해지기 시작하면 눈을 쉬게 해야 해.|Health|Beginner|Use when saying something natural in an everyday situation.
1756|I should eat something light this week.|이번 주에는 가볍게 뭘 좀 먹어야 해.|Health|Beginner|Use when saying something natural in an everyday situation.
1757|I should eat something light after lunch.|점심 먹고 나서는 가볍게 뭘 좀 먹어야 해.|Health|Beginner|Use when saying something natural in an everyday situation.
1758|I should eat something light before the headache gets worse.|두통이 더 심해지기 전에 가볍게 뭘 좀 먹어야 해.|Health|Beginner|Use when saying something natural in an everyday situation.
1759|I should eat something light on busy days.|바쁜 날에는 가볍게 뭘 좀 먹어야 해.|Health|Beginner|Use when saying something natural in an everyday situation.
1760|I should eat something light when I start feeling tired.|피곤해지기 시작하면 가볍게 뭘 좀 먹어야 해.|Health|Beginner|Use when saying something natural in an everyday situation.
1761|I should take my vitamins this week.|이번 주에는 비타민을 챙겨 먹어야 해.|Health|Beginner|Use when saying something natural in an everyday situation.
1762|I should take my vitamins after lunch.|점심 먹고 나서는 비타민을 챙겨 먹어야 해.|Health|Beginner|Use when saying something natural in an everyday situation.
1763|I should take my vitamins before the headache gets worse.|두통이 더 심해지기 전에 비타민을 챙겨 먹어야 해.|Health|Beginner|Use when saying something natural in an everyday situation.
1764|I should take my vitamins on busy days.|바쁜 날에는 비타민을 챙겨 먹어야 해.|Health|Beginner|Use when saying something natural in an everyday situation.
1765|I should take my vitamins when I start feeling tired.|피곤해지기 시작하면 비타민을 챙겨 먹어야 해.|Health|Beginner|Use when saying something natural in an everyday situation.
1766|I should sit up straighter this week.|이번 주에는 좀 더 바르게 앉아야 해.|Health|Beginner|Use when saying something natural in an everyday situation.
1767|I should sit up straighter after lunch.|점심 먹고 나서는 좀 더 바르게 앉아야 해.|Health|Beginner|Use when saying something natural in an everyday situation.
1768|I should sit up straighter before the headache gets worse.|두통이 더 심해지기 전에 좀 더 바르게 앉아야 해.|Health|Beginner|Use when saying something natural in an everyday situation.
1769|I should sit up straighter on busy days.|바쁜 날에는 좀 더 바르게 앉아야 해.|Health|Beginner|Use when saying something natural in an everyday situation.
1770|I should sit up straighter when I start feeling tired.|피곤해지기 시작하면 좀 더 바르게 앉아야 해.|Health|Beginner|Use when saying something natural in an everyday situation.
1771|I feel better when I get some fresh air in the afternoon.|오후에는 바람을 좀 쐬면 더 괜찮아져.|Health|Intermediate|Use when saying something natural in an everyday situation.
1772|I feel better when I get some fresh air after a long meeting.|긴 회의 뒤에는 바람을 좀 쐬면 더 괜찮아져.|Health|Intermediate|Use when saying something natural in an everyday situation.
1773|I feel better when I get some fresh air when I am stressed.|스트레스를 받을 때는 바람을 좀 쐬면 더 괜찮아져.|Health|Intermediate|Use when saying something natural in an everyday situation.
1774|I feel better when I get some fresh air on rainy days.|비 오는 날에는 바람을 좀 쐬면 더 괜찮아져.|Health|Intermediate|Use when saying something natural in an everyday situation.
1775|I feel better when I get some fresh air after using the computer for hours.|오랫동안 컴퓨터를 쓴 뒤에는 바람을 좀 쐬면 더 괜찮아져.|Health|Intermediate|Use when saying something natural in an everyday situation.
1776|I feel better when I take a short break in the afternoon.|오후에는 짧게 쉬면 더 괜찮아져.|Health|Intermediate|Use when saying something natural in an everyday situation.
1777|I feel better when I take a short break after a long meeting.|긴 회의 뒤에는 짧게 쉬면 더 괜찮아져.|Health|Intermediate|Use when saying something natural in an everyday situation.
1778|I feel better when I take a short break when I am stressed.|스트레스를 받을 때는 짧게 쉬면 더 괜찮아져.|Health|Intermediate|Use when saying something natural in an everyday situation.
1779|I feel better when I take a short break on rainy days.|비 오는 날에는 짧게 쉬면 더 괜찮아져.|Health|Intermediate|Use when saying something natural in an everyday situation.
1780|I feel better when I take a short break after using the computer for hours.|오랫동안 컴퓨터를 쓴 뒤에는 짧게 쉬면 더 괜찮아져.|Health|Intermediate|Use when saying something natural in an everyday situation.
1781|I feel better when I keep a steady routine in the afternoon.|오후에는 생활 리듬을 일정하게 유지하면 더 괜찮아져.|Health|Intermediate|Use when saying something natural in an everyday situation.
1782|I feel better when I keep a steady routine after a long meeting.|긴 회의 뒤에는 생활 리듬을 일정하게 유지하면 더 괜찮아져.|Health|Intermediate|Use when saying something natural in an everyday situation.
1783|I feel better when I keep a steady routine when I am stressed.|스트레스를 받을 때는 생활 리듬을 일정하게 유지하면 더 괜찮아져.|Health|Intermediate|Use when saying something natural in an everyday situation.
1784|I feel better when I keep a steady routine on rainy days.|비 오는 날에는 생활 리듬을 일정하게 유지하면 더 괜찮아져.|Health|Intermediate|Use when saying something natural in an everyday situation.
1785|I feel better when I keep a steady routine after using the computer for hours.|오랫동안 컴퓨터를 쓴 뒤에는 생활 리듬을 일정하게 유지하면 더 괜찮아져.|Health|Intermediate|Use when saying something natural in an everyday situation.
1786|I feel better when I drink warm tea in the afternoon.|오후에는 따뜻한 차를 마시면 더 괜찮아져.|Health|Intermediate|Use when saying something natural in an everyday situation.
1787|I feel better when I drink warm tea after a long meeting.|긴 회의 뒤에는 따뜻한 차를 마시면 더 괜찮아져.|Health|Intermediate|Use when saying something natural in an everyday situation.
1788|I feel better when I drink warm tea when I am stressed.|스트레스를 받을 때는 따뜻한 차를 마시면 더 괜찮아져.|Health|Intermediate|Use when saying something natural in an everyday situation.
1789|I feel better when I drink warm tea on rainy days.|비 오는 날에는 따뜻한 차를 마시면 더 괜찮아져.|Health|Intermediate|Use when saying something natural in an everyday situation.
1790|I feel better when I drink warm tea after using the computer for hours.|오랫동안 컴퓨터를 쓴 뒤에는 따뜻한 차를 마시면 더 괜찮아져.|Health|Intermediate|Use when saying something natural in an everyday situation.
1791|I feel better when I sleep a little longer in the afternoon.|오후에는 조금 더 자면 더 괜찮아져.|Health|Intermediate|Use when saying something natural in an everyday situation.
1792|I feel better when I sleep a little longer after a long meeting.|긴 회의 뒤에는 조금 더 자면 더 괜찮아져.|Health|Intermediate|Use when saying something natural in an everyday situation.
1793|I feel better when I sleep a little longer when I am stressed.|스트레스를 받을 때는 조금 더 자면 더 괜찮아져.|Health|Intermediate|Use when saying something natural in an everyday situation.
1794|I feel better when I sleep a little longer on rainy days.|비 오는 날에는 조금 더 자면 더 괜찮아져.|Health|Intermediate|Use when saying something natural in an everyday situation.
1795|I feel better when I sleep a little longer after using the computer for hours.|오랫동안 컴퓨터를 쓴 뒤에는 조금 더 자면 더 괜찮아져.|Health|Intermediate|Use when saying something natural in an everyday situation.
1796|I feel better when I lower the screen brightness in the afternoon.|오후에는 화면 밝기를 낮추면 더 괜찮아져.|Health|Intermediate|Use when saying something natural in an everyday situation.
1797|I feel better when I lower the screen brightness after a long meeting.|긴 회의 뒤에는 화면 밝기를 낮추면 더 괜찮아져.|Health|Intermediate|Use when saying something natural in an everyday situation.
1798|I feel better when I lower the screen brightness when I am stressed.|스트레스를 받을 때는 화면 밝기를 낮추면 더 괜찮아져.|Health|Intermediate|Use when saying something natural in an everyday situation.
1799|I feel better when I lower the screen brightness on rainy days.|비 오는 날에는 화면 밝기를 낮추면 더 괜찮아져.|Health|Intermediate|Use when saying something natural in an everyday situation.
1800|I feel better when I lower the screen brightness after using the computer for hours.|오랫동안 컴퓨터를 쓴 뒤에는 화면 밝기를 낮추면 더 괜찮아져.|Health|Intermediate|Use when saying something natural in an everyday situation.
1801|I feel better when I avoid late-night snacks in the afternoon.|오후에는 밤늦게 간식을 안 먹으면 더 괜찮아져.|Health|Intermediate|Use when saying something natural in an everyday situation.
1802|I feel better when I avoid late-night snacks after a long meeting.|긴 회의 뒤에는 밤늦게 간식을 안 먹으면 더 괜찮아져.|Health|Intermediate|Use when saying something natural in an everyday situation.
1803|I feel better when I avoid late-night snacks when I am stressed.|스트레스를 받을 때는 밤늦게 간식을 안 먹으면 더 괜찮아져.|Health|Intermediate|Use when saying something natural in an everyday situation.
1804|I feel better when I avoid late-night snacks on rainy days.|비 오는 날에는 밤늦게 간식을 안 먹으면 더 괜찮아져.|Health|Intermediate|Use when saying something natural in an everyday situation.
1805|I feel better when I avoid late-night snacks after using the computer for hours.|오랫동안 컴퓨터를 쓴 뒤에는 밤늦게 간식을 안 먹으면 더 괜찮아져.|Health|Intermediate|Use when saying something natural in an everyday situation.
1806|I feel better when I breathe more slowly in the afternoon.|오후에는 호흡을 천천히 하면 더 괜찮아져.|Health|Intermediate|Use when saying something natural in an everyday situation.
1807|I feel better when I breathe more slowly after a long meeting.|긴 회의 뒤에는 호흡을 천천히 하면 더 괜찮아져.|Health|Intermediate|Use when saying something natural in an everyday situation.
1808|I feel better when I breathe more slowly when I am stressed.|스트레스를 받을 때는 호흡을 천천히 하면 더 괜찮아져.|Health|Intermediate|Use when saying something natural in an everyday situation.
1809|I feel better when I breathe more slowly on rainy days.|비 오는 날에는 호흡을 천천히 하면 더 괜찮아져.|Health|Intermediate|Use when saying something natural in an everyday situation.
1810|I feel better when I breathe more slowly after using the computer for hours.|오랫동안 컴퓨터를 쓴 뒤에는 호흡을 천천히 하면 더 괜찮아져.|Health|Intermediate|Use when saying something natural in an everyday situation.
1811|I feel better when I eat on time in the afternoon.|오후에는 제시간에 먹으면 더 괜찮아져.|Health|Intermediate|Use when saying something natural in an everyday situation.
1812|I feel better when I eat on time after a long meeting.|긴 회의 뒤에는 제시간에 먹으면 더 괜찮아져.|Health|Intermediate|Use when saying something natural in an everyday situation.
1813|I feel better when I eat on time when I am stressed.|스트레스를 받을 때는 제시간에 먹으면 더 괜찮아져.|Health|Intermediate|Use when saying something natural in an everyday situation.
1814|I feel better when I eat on time on rainy days.|비 오는 날에는 제시간에 먹으면 더 괜찮아져.|Health|Intermediate|Use when saying something natural in an everyday situation.
1815|I feel better when I eat on time after using the computer for hours.|오랫동안 컴퓨터를 쓴 뒤에는 제시간에 먹으면 더 괜찮아져.|Health|Intermediate|Use when saying something natural in an everyday situation.
1816|I feel better when I step away from my desk in the afternoon.|오후에는 책상에서 잠깐 떨어지면 더 괜찮아져.|Health|Intermediate|Use when saying something natural in an everyday situation.
1817|I feel better when I step away from my desk after a long meeting.|긴 회의 뒤에는 책상에서 잠깐 떨어지면 더 괜찮아져.|Health|Intermediate|Use when saying something natural in an everyday situation.
1818|I feel better when I step away from my desk when I am stressed.|스트레스를 받을 때는 책상에서 잠깐 떨어지면 더 괜찮아져.|Health|Intermediate|Use when saying something natural in an everyday situation.
1819|I feel better when I step away from my desk on rainy days.|비 오는 날에는 책상에서 잠깐 떨어지면 더 괜찮아져.|Health|Intermediate|Use when saying something natural in an everyday situation.
1820|I feel better when I step away from my desk after using the computer for hours.|오랫동안 컴퓨터를 쓴 뒤에는 책상에서 잠깐 떨어지면 더 괜찮아져.|Health|Intermediate|Use when saying something natural in an everyday situation.
1821|I am looking for a lightweight jacket for daily use.|평소에 쓰기 좋은 가벼운 재킷을 찾고 있어.|Shopping|Beginner|Use when saying something natural in an everyday situation.
1822|I am looking for a lightweight jacket that is easy to carry.|들고 다니기 쉬운 가벼운 재킷을 찾고 있어.|Shopping|Beginner|Use when saying something natural in an everyday situation.
1823|I am looking for a lightweight jacket in a neutral color.|무난한 색상의 가벼운 재킷을 찾고 있어.|Shopping|Beginner|Use when saying something natural in an everyday situation.
1824|I am looking for a lightweight jacket that will last a long time.|오래 쓸 수 있는 가벼운 재킷을 찾고 있어.|Shopping|Beginner|Use when saying something natural in an everyday situation.
1825|I am looking for a lightweight jacket with a simple design.|디자인이 단순한 가벼운 재킷을 찾고 있어.|Shopping|Beginner|Use when saying something natural in an everyday situation.
1826|I am looking for a plain notebook for daily use.|평소에 쓰기 좋은 심플한 노트를 찾고 있어.|Shopping|Beginner|Use when saying something natural in an everyday situation.
1827|I am looking for a plain notebook that is easy to carry.|들고 다니기 쉬운 심플한 노트를 찾고 있어.|Shopping|Beginner|Use when saying something natural in an everyday situation.
1828|I am looking for a plain notebook in a neutral color.|무난한 색상의 심플한 노트를 찾고 있어.|Shopping|Beginner|Use when saying something natural in an everyday situation.
1829|I am looking for a plain notebook that will last a long time.|오래 쓸 수 있는 심플한 노트를 찾고 있어.|Shopping|Beginner|Use when saying something natural in an everyday situation.
1830|I am looking for a plain notebook with a simple design.|디자인이 단순한 심플한 노트를 찾고 있어.|Shopping|Beginner|Use when saying something natural in an everyday situation.
1831|I am looking for a larger tote bag for daily use.|평소에 쓰기 좋은 좀 더 큰 토트백을 찾고 있어.|Shopping|Beginner|Use when saying something natural in an everyday situation.
1832|I am looking for a larger tote bag that is easy to carry.|들고 다니기 쉬운 좀 더 큰 토트백을 찾고 있어.|Shopping|Beginner|Use when saying something natural in an everyday situation.
1833|I am looking for a larger tote bag in a neutral color.|무난한 색상의 좀 더 큰 토트백을 찾고 있어.|Shopping|Beginner|Use when saying something natural in an everyday situation.
1834|I am looking for a larger tote bag that will last a long time.|오래 쓸 수 있는 좀 더 큰 토트백을 찾고 있어.|Shopping|Beginner|Use when saying something natural in an everyday situation.
1835|I am looking for a larger tote bag with a simple design.|디자인이 단순한 좀 더 큰 토트백을 찾고 있어.|Shopping|Beginner|Use when saying something natural in an everyday situation.
1836|I am looking for a travel-size bottle for daily use.|평소에 쓰기 좋은 여행용 병을 찾고 있어.|Shopping|Beginner|Use when saying something natural in an everyday situation.
1837|I am looking for a travel-size bottle that is easy to carry.|들고 다니기 쉬운 여행용 병을 찾고 있어.|Shopping|Beginner|Use when saying something natural in an everyday situation.
1838|I am looking for a travel-size bottle in a neutral color.|무난한 색상의 여행용 병을 찾고 있어.|Shopping|Beginner|Use when saying something natural in an everyday situation.
1839|I am looking for a travel-size bottle that will last a long time.|오래 쓸 수 있는 여행용 병을 찾고 있어.|Shopping|Beginner|Use when saying something natural in an everyday situation.
1840|I am looking for a travel-size bottle with a simple design.|디자인이 단순한 여행용 병을 찾고 있어.|Shopping|Beginner|Use when saying something natural in an everyday situation.
1841|I am looking for a simple desk lamp for daily use.|평소에 쓰기 좋은 심플한 책상 조명을 찾고 있어.|Shopping|Beginner|Use when saying something natural in an everyday situation.
1842|I am looking for a simple desk lamp that is easy to carry.|들고 다니기 쉬운 심플한 책상 조명을 찾고 있어.|Shopping|Beginner|Use when saying something natural in an everyday situation.
1843|I am looking for a simple desk lamp in a neutral color.|무난한 색상의 심플한 책상 조명을 찾고 있어.|Shopping|Beginner|Use when saying something natural in an everyday situation.
1844|I am looking for a simple desk lamp that will last a long time.|오래 쓸 수 있는 심플한 책상 조명을 찾고 있어.|Shopping|Beginner|Use when saying something natural in an everyday situation.
1845|I am looking for a simple desk lamp with a simple design.|디자인이 단순한 심플한 책상 조명을 찾고 있어.|Shopping|Beginner|Use when saying something natural in an everyday situation.
1846|I am looking for a softer blanket for daily use.|평소에 쓰기 좋은 더 부드러운 담요를 찾고 있어.|Shopping|Beginner|Use when saying something natural in an everyday situation.
1847|I am looking for a softer blanket that is easy to carry.|들고 다니기 쉬운 더 부드러운 담요를 찾고 있어.|Shopping|Beginner|Use when saying something natural in an everyday situation.
1848|I am looking for a softer blanket in a neutral color.|무난한 색상의 더 부드러운 담요를 찾고 있어.|Shopping|Beginner|Use when saying something natural in an everyday situation.
1849|I am looking for a softer blanket that will last a long time.|오래 쓸 수 있는 더 부드러운 담요를 찾고 있어.|Shopping|Beginner|Use when saying something natural in an everyday situation.
1850|I am looking for a softer blanket with a simple design.|디자인이 단순한 더 부드러운 담요를 찾고 있어.|Shopping|Beginner|Use when saying something natural in an everyday situation.
1851|I am looking for a smaller backpack for daily use.|평소에 쓰기 좋은 좀 더 작은 백팩을 찾고 있어.|Shopping|Beginner|Use when saying something natural in an everyday situation.
1852|I am looking for a smaller backpack that is easy to carry.|들고 다니기 쉬운 좀 더 작은 백팩을 찾고 있어.|Shopping|Beginner|Use when saying something natural in an everyday situation.
1853|I am looking for a smaller backpack in a neutral color.|무난한 색상의 좀 더 작은 백팩을 찾고 있어.|Shopping|Beginner|Use when saying something natural in an everyday situation.
1854|I am looking for a smaller backpack that will last a long time.|오래 쓸 수 있는 좀 더 작은 백팩을 찾고 있어.|Shopping|Beginner|Use when saying something natural in an everyday situation.
1855|I am looking for a smaller backpack with a simple design.|디자인이 단순한 좀 더 작은 백팩을 찾고 있어.|Shopping|Beginner|Use when saying something natural in an everyday situation.
1856|I am looking for a waterproof pouch for daily use.|평소에 쓰기 좋은 방수 파우치를 찾고 있어.|Shopping|Beginner|Use when saying something natural in an everyday situation.
1857|I am looking for a waterproof pouch that is easy to carry.|들고 다니기 쉬운 방수 파우치를 찾고 있어.|Shopping|Beginner|Use when saying something natural in an everyday situation.
1858|I am looking for a waterproof pouch in a neutral color.|무난한 색상의 방수 파우치를 찾고 있어.|Shopping|Beginner|Use when saying something natural in an everyday situation.
1859|I am looking for a waterproof pouch that will last a long time.|오래 쓸 수 있는 방수 파우치를 찾고 있어.|Shopping|Beginner|Use when saying something natural in an everyday situation.
1860|I am looking for a waterproof pouch with a simple design.|디자인이 단순한 방수 파우치를 찾고 있어.|Shopping|Beginner|Use when saying something natural in an everyday situation.
1861|I am looking for a reusable container for daily use.|평소에 쓰기 좋은 재사용 가능한 용기를 찾고 있어.|Shopping|Beginner|Use when saying something natural in an everyday situation.
1862|I am looking for a reusable container that is easy to carry.|들고 다니기 쉬운 재사용 가능한 용기를 찾고 있어.|Shopping|Beginner|Use when saying something natural in an everyday situation.
1863|I am looking for a reusable container in a neutral color.|무난한 색상의 재사용 가능한 용기를 찾고 있어.|Shopping|Beginner|Use when saying something natural in an everyday situation.
1864|I am looking for a reusable container that will last a long time.|오래 쓸 수 있는 재사용 가능한 용기를 찾고 있어.|Shopping|Beginner|Use when saying something natural in an everyday situation.
1865|I am looking for a reusable container with a simple design.|디자인이 단순한 재사용 가능한 용기를 찾고 있어.|Shopping|Beginner|Use when saying something natural in an everyday situation.
1866|I am looking for a sturdy phone stand for daily use.|평소에 쓰기 좋은 튼튼한 휴대폰 거치대를 찾고 있어.|Shopping|Beginner|Use when saying something natural in an everyday situation.
1867|I am looking for a sturdy phone stand that is easy to carry.|들고 다니기 쉬운 튼튼한 휴대폰 거치대를 찾고 있어.|Shopping|Beginner|Use when saying something natural in an everyday situation.
1868|I am looking for a sturdy phone stand in a neutral color.|무난한 색상의 튼튼한 휴대폰 거치대를 찾고 있어.|Shopping|Beginner|Use when saying something natural in an everyday situation.
1869|I am looking for a sturdy phone stand that will last a long time.|오래 쓸 수 있는 튼튼한 휴대폰 거치대를 찾고 있어.|Shopping|Beginner|Use when saying something natural in an everyday situation.
1870|I am looking for a sturdy phone stand with a simple design.|디자인이 단순한 튼튼한 휴대폰 거치대를 찾고 있어.|Shopping|Beginner|Use when saying something natural in an everyday situation.
1871|Could you show me a tote bag that is easier to carry?|좀 더 들고 다니기 쉬운 토트백을 보여 주실 수 있나요?|Shopping|Intermediate|Use when asking something politely in a practical situation.
1872|Could you show me a tote bag that feels a little lighter?|조금 더 가벼운 느낌의 토트백을 보여 주실 수 있나요?|Shopping|Intermediate|Use when asking something politely in a practical situation.
1873|Could you show me a tote bag for everyday use?|평소에 쓰기 좋은 토트백을 보여 주실 수 있나요?|Shopping|Intermediate|Use when asking something politely in a practical situation.
1874|Could you show me a tote bag with a cleaner design?|디자인이 더 깔끔한 토트백을 보여 주실 수 있나요?|Shopping|Intermediate|Use when asking something politely in a practical situation.
1875|Could you show me a tote bag that takes up less space?|공간을 덜 차지하는 토트백을 보여 주실 수 있나요?|Shopping|Intermediate|Use when asking something politely in a practical situation.
1876|Could you show me a water bottle that is easier to carry?|좀 더 들고 다니기 쉬운 물병을 보여 주실 수 있나요?|Shopping|Intermediate|Use when asking something politely in a practical situation.
1877|Could you show me a water bottle that feels a little lighter?|조금 더 가벼운 느낌의 물병을 보여 주실 수 있나요?|Shopping|Intermediate|Use when asking something politely in a practical situation.
1878|Could you show me a water bottle for everyday use?|평소에 쓰기 좋은 물병을 보여 주실 수 있나요?|Shopping|Intermediate|Use when asking something politely in a practical situation.
1879|Could you show me a water bottle with a cleaner design?|디자인이 더 깔끔한 물병을 보여 주실 수 있나요?|Shopping|Intermediate|Use when asking something politely in a practical situation.
1880|Could you show me a water bottle that takes up less space?|공간을 덜 차지하는 물병을 보여 주실 수 있나요?|Shopping|Intermediate|Use when asking something politely in a practical situation.
1881|Could you show me a notebook that is easier to carry?|좀 더 들고 다니기 쉬운 노트를 보여 주실 수 있나요?|Shopping|Intermediate|Use when asking something politely in a practical situation.
1882|Could you show me a notebook that feels a little lighter?|조금 더 가벼운 느낌의 노트를 보여 주실 수 있나요?|Shopping|Intermediate|Use when asking something politely in a practical situation.
1883|Could you show me a notebook for everyday use?|평소에 쓰기 좋은 노트를 보여 주실 수 있나요?|Shopping|Intermediate|Use when asking something politely in a practical situation.
1884|Could you show me a notebook with a cleaner design?|디자인이 더 깔끔한 노트를 보여 주실 수 있나요?|Shopping|Intermediate|Use when asking something politely in a practical situation.
1885|Could you show me a notebook that takes up less space?|공간을 덜 차지하는 노트를 보여 주실 수 있나요?|Shopping|Intermediate|Use when asking something politely in a practical situation.
1886|Could you show me a phone case that is easier to carry?|좀 더 들고 다니기 쉬운 휴대폰 케이스를 보여 주실 수 있나요?|Shopping|Intermediate|Use when asking something politely in a practical situation.
1887|Could you show me a phone case that feels a little lighter?|조금 더 가벼운 느낌의 휴대폰 케이스를 보여 주실 수 있나요?|Shopping|Intermediate|Use when asking something politely in a practical situation.
1888|Could you show me a phone case for everyday use?|평소에 쓰기 좋은 휴대폰 케이스를 보여 주실 수 있나요?|Shopping|Intermediate|Use when asking something politely in a practical situation.
1889|Could you show me a phone case with a cleaner design?|디자인이 더 깔끔한 휴대폰 케이스를 보여 주실 수 있나요?|Shopping|Intermediate|Use when asking something politely in a practical situation.
1890|Could you show me a phone case that takes up less space?|공간을 덜 차지하는 휴대폰 케이스를 보여 주실 수 있나요?|Shopping|Intermediate|Use when asking something politely in a practical situation.
1891|Could you show me a umbrella that is easier to carry?|좀 더 들고 다니기 쉬운 우산을 보여 주실 수 있나요?|Shopping|Intermediate|Use when asking something politely in a practical situation.
1892|Could you show me a umbrella that feels a little lighter?|조금 더 가벼운 느낌의 우산을 보여 주실 수 있나요?|Shopping|Intermediate|Use when asking something politely in a practical situation.
1893|Could you show me a umbrella for everyday use?|평소에 쓰기 좋은 우산을 보여 주실 수 있나요?|Shopping|Intermediate|Use when asking something politely in a practical situation.
1894|Could you show me a umbrella with a cleaner design?|디자인이 더 깔끔한 우산을 보여 주실 수 있나요?|Shopping|Intermediate|Use when asking something politely in a practical situation.
1895|Could you show me a umbrella that takes up less space?|공간을 덜 차지하는 우산을 보여 주실 수 있나요?|Shopping|Intermediate|Use when asking something politely in a practical situation.
1896|Could you show me a desk lamp that is easier to carry?|좀 더 들고 다니기 쉬운 책상 조명을 보여 주실 수 있나요?|Shopping|Intermediate|Use when asking something politely in a practical situation.
1897|Could you show me a desk lamp that feels a little lighter?|조금 더 가벼운 느낌의 책상 조명을 보여 주실 수 있나요?|Shopping|Intermediate|Use when asking something politely in a practical situation.
1898|Could you show me a desk lamp for everyday use?|평소에 쓰기 좋은 책상 조명을 보여 주실 수 있나요?|Shopping|Intermediate|Use when asking something politely in a practical situation.
1899|Could you show me a desk lamp with a cleaner design?|디자인이 더 깔끔한 책상 조명을 보여 주실 수 있나요?|Shopping|Intermediate|Use when asking something politely in a practical situation.
1900|Could you show me a desk lamp that takes up less space?|공간을 덜 차지하는 책상 조명을 보여 주실 수 있나요?|Shopping|Intermediate|Use when asking something politely in a practical situation.
1901|Could you show me a storage box that is easier to carry?|좀 더 들고 다니기 쉬운 수납 상자를 보여 주실 수 있나요?|Shopping|Intermediate|Use when asking something politely in a practical situation.
1902|Could you show me a storage box that feels a little lighter?|조금 더 가벼운 느낌의 수납 상자를 보여 주실 수 있나요?|Shopping|Intermediate|Use when asking something politely in a practical situation.
1903|Could you show me a storage box for everyday use?|평소에 쓰기 좋은 수납 상자를 보여 주실 수 있나요?|Shopping|Intermediate|Use when asking something politely in a practical situation.
1904|Could you show me a storage box with a cleaner design?|디자인이 더 깔끔한 수납 상자를 보여 주실 수 있나요?|Shopping|Intermediate|Use when asking something politely in a practical situation.
1905|Could you show me a storage box that takes up less space?|공간을 덜 차지하는 수납 상자를 보여 주실 수 있나요?|Shopping|Intermediate|Use when asking something politely in a practical situation.
1906|Could you show me a travel pillow that is easier to carry?|좀 더 들고 다니기 쉬운 목베개를 보여 주실 수 있나요?|Shopping|Intermediate|Use when asking something politely in a practical situation.
1907|Could you show me a travel pillow that feels a little lighter?|조금 더 가벼운 느낌의 목베개를 보여 주실 수 있나요?|Shopping|Intermediate|Use when asking something politely in a practical situation.
1908|Could you show me a travel pillow for everyday use?|평소에 쓰기 좋은 목베개를 보여 주실 수 있나요?|Shopping|Intermediate|Use when asking something politely in a practical situation.
1909|Could you show me a travel pillow with a cleaner design?|디자인이 더 깔끔한 목베개를 보여 주실 수 있나요?|Shopping|Intermediate|Use when asking something politely in a practical situation.
1910|Could you show me a travel pillow that takes up less space?|공간을 덜 차지하는 목베개를 보여 주실 수 있나요?|Shopping|Intermediate|Use when asking something politely in a practical situation.
1911|Could you show me a charger cable that is easier to carry?|좀 더 들고 다니기 쉬운 충전 케이블을 보여 주실 수 있나요?|Shopping|Intermediate|Use when asking something politely in a practical situation.
1912|Could you show me a charger cable that feels a little lighter?|조금 더 가벼운 느낌의 충전 케이블을 보여 주실 수 있나요?|Shopping|Intermediate|Use when asking something politely in a practical situation.
1913|Could you show me a charger cable for everyday use?|평소에 쓰기 좋은 충전 케이블을 보여 주실 수 있나요?|Shopping|Intermediate|Use when asking something politely in a practical situation.
1914|Could you show me a charger cable with a cleaner design?|디자인이 더 깔끔한 충전 케이블을 보여 주실 수 있나요?|Shopping|Intermediate|Use when asking something politely in a practical situation.
1915|Could you show me a charger cable that takes up less space?|공간을 덜 차지하는 충전 케이블을 보여 주실 수 있나요?|Shopping|Intermediate|Use when asking something politely in a practical situation.
1916|Could you show me a pair of sneakers that is easier to carry?|좀 더 들고 다니기 쉬운 운동화를 보여 주실 수 있나요?|Shopping|Intermediate|Use when asking something politely in a practical situation.
1917|Could you show me a pair of sneakers that feels a little lighter?|조금 더 가벼운 느낌의 운동화를 보여 주실 수 있나요?|Shopping|Intermediate|Use when asking something politely in a practical situation.
1918|Could you show me a pair of sneakers for everyday use?|평소에 쓰기 좋은 운동화를 보여 주실 수 있나요?|Shopping|Intermediate|Use when asking something politely in a practical situation.
1919|Could you show me a pair of sneakers with a cleaner design?|디자인이 더 깔끔한 운동화를 보여 주실 수 있나요?|Shopping|Intermediate|Use when asking something politely in a practical situation.
1920|Could you show me a pair of sneakers that takes up less space?|공간을 덜 차지하는 운동화를 보여 주실 수 있나요?|Shopping|Intermediate|Use when asking something politely in a practical situation.
1921|I need to back up my photos before the call.|통화 전에 사진을 백업해야 해.|Technology|Beginner|Use when saying something natural in an everyday situation.
1922|I need to back up my photos before tonight.|오늘 밤 전에 사진을 백업해야 해.|Technology|Beginner|Use when saying something natural in an everyday situation.
1923|I need to back up my photos before I forget.|잊기 전에 사진을 백업해야 해.|Technology|Beginner|Use when saying something natural in an everyday situation.
1924|I need to back up my photos before the battery gets low.|배터리가 더 닳기 전에 사진을 백업해야 해.|Technology|Beginner|Use when saying something natural in an everyday situation.
1925|I need to back up my photos before the next update.|다음 업데이트 전에 사진을 백업해야 해.|Technology|Beginner|Use when saying something natural in an everyday situation.
1926|I need to update the browser before the call.|통화 전에 브라우저를 업데이트해야 해.|Technology|Beginner|Use when saying something natural in an everyday situation.
1927|I need to update the browser before tonight.|오늘 밤 전에 브라우저를 업데이트해야 해.|Technology|Beginner|Use when saying something natural in an everyday situation.
1928|I need to update the browser before I forget.|잊기 전에 브라우저를 업데이트해야 해.|Technology|Beginner|Use when saying something natural in an everyday situation.
1929|I need to update the browser before the battery gets low.|배터리가 더 닳기 전에 브라우저를 업데이트해야 해.|Technology|Beginner|Use when saying something natural in an everyday situation.
1930|I need to update the browser before the next update.|다음 업데이트 전에 브라우저를 업데이트해야 해.|Technology|Beginner|Use when saying something natural in an everyday situation.
1931|I need to clear the cache before the call.|통화 전에 캐시를 지워야 해.|Technology|Beginner|Use when saying something natural in an everyday situation.
1932|I need to clear the cache before tonight.|오늘 밤 전에 캐시를 지워야 해.|Technology|Beginner|Use when saying something natural in an everyday situation.
1933|I need to clear the cache before I forget.|잊기 전에 캐시를 지워야 해.|Technology|Beginner|Use when saying something natural in an everyday situation.
1934|I need to clear the cache before the battery gets low.|배터리가 더 닳기 전에 캐시를 지워야 해.|Technology|Beginner|Use when saying something natural in an everyday situation.
1935|I need to clear the cache before the next update.|다음 업데이트 전에 캐시를 지워야 해.|Technology|Beginner|Use when saying something natural in an everyday situation.
1936|I need to rename these files before the call.|통화 전에 파일 이름을 바꿔야 해.|Technology|Beginner|Use when saying something natural in an everyday situation.
1937|I need to rename these files before tonight.|오늘 밤 전에 파일 이름을 바꿔야 해.|Technology|Beginner|Use when saying something natural in an everyday situation.
1938|I need to rename these files before I forget.|잊기 전에 파일 이름을 바꿔야 해.|Technology|Beginner|Use when saying something natural in an everyday situation.
1939|I need to rename these files before the battery gets low.|배터리가 더 닳기 전에 파일 이름을 바꿔야 해.|Technology|Beginner|Use when saying something natural in an everyday situation.
1940|I need to rename these files before the next update.|다음 업데이트 전에 파일 이름을 바꿔야 해.|Technology|Beginner|Use when saying something natural in an everyday situation.
1941|I need to restart the router before the call.|통화 전에 공유기를 다시 켜야 해.|Technology|Beginner|Use when saying something natural in an everyday situation.
1942|I need to restart the router before tonight.|오늘 밤 전에 공유기를 다시 켜야 해.|Technology|Beginner|Use when saying something natural in an everyday situation.
1943|I need to restart the router before I forget.|잊기 전에 공유기를 다시 켜야 해.|Technology|Beginner|Use when saying something natural in an everyday situation.
1944|I need to restart the router before the battery gets low.|배터리가 더 닳기 전에 공유기를 다시 켜야 해.|Technology|Beginner|Use when saying something natural in an everyday situation.
1945|I need to restart the router before the next update.|다음 업데이트 전에 공유기를 다시 켜야 해.|Technology|Beginner|Use when saying something natural in an everyday situation.
1946|I need to sync the calendar before the call.|통화 전에 캘린더를 동기화해야 해.|Technology|Beginner|Use when saying something natural in an everyday situation.
1947|I need to sync the calendar before tonight.|오늘 밤 전에 캘린더를 동기화해야 해.|Technology|Beginner|Use when saying something natural in an everyday situation.
1948|I need to sync the calendar before I forget.|잊기 전에 캘린더를 동기화해야 해.|Technology|Beginner|Use when saying something natural in an everyday situation.
1949|I need to sync the calendar before the battery gets low.|배터리가 더 닳기 전에 캘린더를 동기화해야 해.|Technology|Beginner|Use when saying something natural in an everyday situation.
1950|I need to sync the calendar before the next update.|다음 업데이트 전에 캘린더를 동기화해야 해.|Technology|Beginner|Use when saying something natural in an everyday situation.
1951|I need to move the screenshots before the call.|통화 전에 스크린샷을 옮겨야 해.|Technology|Beginner|Use when saying something natural in an everyday situation.
1952|I need to move the screenshots before tonight.|오늘 밤 전에 스크린샷을 옮겨야 해.|Technology|Beginner|Use when saying something natural in an everyday situation.
1953|I need to move the screenshots before I forget.|잊기 전에 스크린샷을 옮겨야 해.|Technology|Beginner|Use when saying something natural in an everyday situation.
1954|I need to move the screenshots before the battery gets low.|배터리가 더 닳기 전에 스크린샷을 옮겨야 해.|Technology|Beginner|Use when saying something natural in an everyday situation.
1955|I need to move the screenshots before the next update.|다음 업데이트 전에 스크린샷을 옮겨야 해.|Technology|Beginner|Use when saying something natural in an everyday situation.
1956|I need to charge the tablet before the call.|통화 전에 태블릿을 충전해야 해.|Technology|Beginner|Use when saying something natural in an everyday situation.
1957|I need to charge the tablet before tonight.|오늘 밤 전에 태블릿을 충전해야 해.|Technology|Beginner|Use when saying something natural in an everyday situation.
1958|I need to charge the tablet before I forget.|잊기 전에 태블릿을 충전해야 해.|Technology|Beginner|Use when saying something natural in an everyday situation.
1959|I need to charge the tablet before the battery gets low.|배터리가 더 닳기 전에 태블릿을 충전해야 해.|Technology|Beginner|Use when saying something natural in an everyday situation.
1960|I need to charge the tablet before the next update.|다음 업데이트 전에 태블릿을 충전해야 해.|Technology|Beginner|Use when saying something natural in an everyday situation.
1961|I need to reset the password before the call.|통화 전에 비밀번호를 재설정해야 해.|Technology|Beginner|Use when saying something natural in an everyday situation.
1962|I need to reset the password before tonight.|오늘 밤 전에 비밀번호를 재설정해야 해.|Technology|Beginner|Use when saying something natural in an everyday situation.
1963|I need to reset the password before I forget.|잊기 전에 비밀번호를 재설정해야 해.|Technology|Beginner|Use when saying something natural in an everyday situation.
1964|I need to reset the password before the battery gets low.|배터리가 더 닳기 전에 비밀번호를 재설정해야 해.|Technology|Beginner|Use when saying something natural in an everyday situation.
1965|I need to reset the password before the next update.|다음 업데이트 전에 비밀번호를 재설정해야 해.|Technology|Beginner|Use when saying something natural in an everyday situation.
1966|I need to turn off the notifications before the call.|통화 전에 알림을 꺼야 해.|Technology|Beginner|Use when saying something natural in an everyday situation.
1967|I need to turn off the notifications before tonight.|오늘 밤 전에 알림을 꺼야 해.|Technology|Beginner|Use when saying something natural in an everyday situation.
1968|I need to turn off the notifications before I forget.|잊기 전에 알림을 꺼야 해.|Technology|Beginner|Use when saying something natural in an everyday situation.
1969|I need to turn off the notifications before the battery gets low.|배터리가 더 닳기 전에 알림을 꺼야 해.|Technology|Beginner|Use when saying something natural in an everyday situation.
1970|I need to turn off the notifications before the next update.|다음 업데이트 전에 알림을 꺼야 해.|Technology|Beginner|Use when saying something natural in an everyday situation.
1971|The laptop keeps freezing when I open it.|노트북이 열자마자 멈춰.|Technology|Intermediate|Use when saying something natural in an everyday situation.
1972|The laptop keeps disconnecting at random.|노트북이 중간중간 연결이 끊겨.|Technology|Intermediate|Use when saying something natural in an everyday situation.
1973|The laptop keeps asking me to sign in again.|노트북이 자꾸 다시 로그인하라고 해.|Technology|Intermediate|Use when saying something natural in an everyday situation.
1974|The laptop keeps running more slowly than usual.|노트북이 평소보다 느리게 돌아가.|Technology|Intermediate|Use when saying something natural in an everyday situation.
1975|The laptop keeps failing to save the latest change.|노트북이 마지막 변경 내용을 저장하지 못해.|Technology|Intermediate|Use when saying something natural in an everyday situation.
1976|The tablet keeps freezing when I open it.|태블릿이 열자마자 멈춰.|Technology|Intermediate|Use when saying something natural in an everyday situation.
1977|The tablet keeps disconnecting at random.|태블릿이 중간중간 연결이 끊겨.|Technology|Intermediate|Use when saying something natural in an everyday situation.
1978|The tablet keeps asking me to sign in again.|태블릿이 자꾸 다시 로그인하라고 해.|Technology|Intermediate|Use when saying something natural in an everyday situation.
1979|The tablet keeps running more slowly than usual.|태블릿이 평소보다 느리게 돌아가.|Technology|Intermediate|Use when saying something natural in an everyday situation.
1980|The tablet keeps failing to save the latest change.|태블릿이 마지막 변경 내용을 저장하지 못해.|Technology|Intermediate|Use when saying something natural in an everyday situation.
1981|The browser keeps freezing when I open it.|브라우저가 열자마자 멈춰.|Technology|Intermediate|Use when saying something natural in an everyday situation.
1982|The browser keeps disconnecting at random.|브라우저가 중간중간 연결이 끊겨.|Technology|Intermediate|Use when saying something natural in an everyday situation.
1983|The browser keeps asking me to sign in again.|브라우저가 자꾸 다시 로그인하라고 해.|Technology|Intermediate|Use when saying something natural in an everyday situation.
1984|The browser keeps running more slowly than usual.|브라우저가 평소보다 느리게 돌아가.|Technology|Intermediate|Use when saying something natural in an everyday situation.
1985|The browser keeps failing to save the latest change.|브라우저가 마지막 변경 내용을 저장하지 못해.|Technology|Intermediate|Use when saying something natural in an everyday situation.
1986|The printer keeps freezing when I open it.|프린터가 열자마자 멈춰.|Technology|Intermediate|Use when saying something natural in an everyday situation.
1987|The printer keeps disconnecting at random.|프린터가 중간중간 연결이 끊겨.|Technology|Intermediate|Use when saying something natural in an everyday situation.
1988|The printer keeps asking me to sign in again.|프린터가 자꾸 다시 로그인하라고 해.|Technology|Intermediate|Use when saying something natural in an everyday situation.
1989|The printer keeps running more slowly than usual.|프린터가 평소보다 느리게 돌아가.|Technology|Intermediate|Use when saying something natural in an everyday situation.
1990|The printer keeps failing to save the latest change.|프린터가 마지막 변경 내용을 저장하지 못해.|Technology|Intermediate|Use when saying something natural in an everyday situation.
1991|The router keeps freezing when I open it.|공유기가 열자마자 멈춰.|Technology|Intermediate|Use when saying something natural in an everyday situation.
1992|The router keeps disconnecting at random.|공유기가 중간중간 연결이 끊겨.|Technology|Intermediate|Use when saying something natural in an everyday situation.
1993|The router keeps asking me to sign in again.|공유기가 자꾸 다시 로그인하라고 해.|Technology|Intermediate|Use when saying something natural in an everyday situation.
1994|The router keeps running more slowly than usual.|공유기가 평소보다 느리게 돌아가.|Technology|Intermediate|Use when saying something natural in an everyday situation.
1995|The router keeps failing to save the latest change.|공유기가 마지막 변경 내용을 저장하지 못해.|Technology|Intermediate|Use when saying something natural in an everyday situation.
1996|The camera app keeps freezing when I open it.|카메라 앱이 열자마자 멈춰.|Technology|Intermediate|Use when saying something natural in an everyday situation.
1997|The camera app keeps disconnecting at random.|카메라 앱이 중간중간 연결이 끊겨.|Technology|Intermediate|Use when saying something natural in an everyday situation.
1998|The camera app keeps asking me to sign in again.|카메라 앱이 자꾸 다시 로그인하라고 해.|Technology|Intermediate|Use when saying something natural in an everyday situation.
1999|The camera app keeps running more slowly than usual.|카메라 앱이 평소보다 느리게 돌아가.|Technology|Intermediate|Use when saying something natural in an everyday situation.
2000|The camera app keeps failing to save the latest change.|카메라 앱이 마지막 변경 내용을 저장하지 못해.|Technology|Intermediate|Use when saying something natural in an everyday situation.
2001|The headset keeps freezing when I open it.|헤드셋이 열자마자 멈춰.|Technology|Intermediate|Use when saying something natural in an everyday situation.
2002|The headset keeps disconnecting at random.|헤드셋이 중간중간 연결이 끊겨.|Technology|Intermediate|Use when saying something natural in an everyday situation.
2003|The headset keeps asking me to sign in again.|헤드셋이 자꾸 다시 로그인하라고 해.|Technology|Intermediate|Use when saying something natural in an everyday situation.
2004|The headset keeps running more slowly than usual.|헤드셋이 평소보다 느리게 돌아가.|Technology|Intermediate|Use when saying something natural in an everyday situation.
2005|The headset keeps failing to save the latest change.|헤드셋이 마지막 변경 내용을 저장하지 못해.|Technology|Intermediate|Use when saying something natural in an everyday situation.
2006|The charging cable keeps freezing when I open it.|충전 케이블이 열자마자 멈춰.|Technology|Intermediate|Use when saying something natural in an everyday situation.
2007|The charging cable keeps disconnecting at random.|충전 케이블이 중간중간 연결이 끊겨.|Technology|Intermediate|Use when saying something natural in an everyday situation.
2008|The charging cable keeps asking me to sign in again.|충전 케이블이 자꾸 다시 로그인하라고 해.|Technology|Intermediate|Use when saying something natural in an everyday situation.
2009|The charging cable keeps running more slowly than usual.|충전 케이블이 평소보다 느리게 돌아가.|Technology|Intermediate|Use when saying something natural in an everyday situation.
2010|The charging cable keeps failing to save the latest change.|충전 케이블이 마지막 변경 내용을 저장하지 못해.|Technology|Intermediate|Use when saying something natural in an everyday situation.
2011|The cloud sync keeps freezing when I open it.|클라우드 동기화가 열자마자 멈춰.|Technology|Intermediate|Use when saying something natural in an everyday situation.
2012|The cloud sync keeps disconnecting at random.|클라우드 동기화가 중간중간 연결이 끊겨.|Technology|Intermediate|Use when saying something natural in an everyday situation.
2013|The cloud sync keeps asking me to sign in again.|클라우드 동기화가 자꾸 다시 로그인하라고 해.|Technology|Intermediate|Use when saying something natural in an everyday situation.
2014|The cloud sync keeps running more slowly than usual.|클라우드 동기화가 평소보다 느리게 돌아가.|Technology|Intermediate|Use when saying something natural in an everyday situation.
2015|The cloud sync keeps failing to save the latest change.|클라우드 동기화가 마지막 변경 내용을 저장하지 못해.|Technology|Intermediate|Use when saying something natural in an everyday situation.
2016|The speaker keeps freezing when I open it.|스피커가 열자마자 멈춰.|Technology|Intermediate|Use when saying something natural in an everyday situation.
2017|The speaker keeps disconnecting at random.|스피커가 중간중간 연결이 끊겨.|Technology|Intermediate|Use when saying something natural in an everyday situation.
2018|The speaker keeps asking me to sign in again.|스피커가 자꾸 다시 로그인하라고 해.|Technology|Intermediate|Use when saying something natural in an everyday situation.
2019|The speaker keeps running more slowly than usual.|스피커가 평소보다 느리게 돌아가.|Technology|Intermediate|Use when saying something natural in an everyday situation.
2020|The speaker keeps failing to save the latest change.|스피커가 마지막 변경 내용을 저장하지 못해.|Technology|Intermediate|Use when saying something natural in an everyday situation.
2021|The bathroom faucet needs to be tightened soon.|욕실 수도꼭지는 곧 조여야 해.|Home|Intermediate|Use when saying something natural in an everyday situation.
2022|The bathroom faucet needs to be cleaned this week.|욕실 수도꼭지는 이번 주에 청소해야 해.|Home|Intermediate|Use when saying something natural in an everyday situation.
2023|The bathroom faucet needs to be fixed before it gets worse.|욕실 수도꼭지는 더 심해지기 전에 고쳐야 해.|Home|Intermediate|Use when saying something natural in an everyday situation.
2024|The bathroom faucet needs to be replaced this month.|욕실 수도꼭지는 이번 달 안에 교체해야 해.|Home|Intermediate|Use when saying something natural in an everyday situation.
2025|The bathroom faucet needs to be checked again.|욕실 수도꼭지는 다시 확인해야 해.|Home|Intermediate|Use when saying something natural in an everyday situation.
2026|The bedroom curtain needs to be tightened soon.|침실 커튼은 곧 조여야 해.|Home|Intermediate|Use when saying something natural in an everyday situation.
2027|The bedroom curtain needs to be cleaned this week.|침실 커튼은 이번 주에 청소해야 해.|Home|Intermediate|Use when saying something natural in an everyday situation.
2028|The bedroom curtain needs to be fixed before it gets worse.|침실 커튼은 더 심해지기 전에 고쳐야 해.|Home|Intermediate|Use when saying something natural in an everyday situation.
2029|The bedroom curtain needs to be replaced this month.|침실 커튼은 이번 달 안에 교체해야 해.|Home|Intermediate|Use when saying something natural in an everyday situation.
2030|The bedroom curtain needs to be checked again.|침실 커튼은 다시 확인해야 해.|Home|Intermediate|Use when saying something natural in an everyday situation.
2031|The hallway shelf needs to be tightened soon.|복도 선반은 곧 조여야 해.|Home|Intermediate|Use when saying something natural in an everyday situation.
2032|The hallway shelf needs to be cleaned this week.|복도 선반은 이번 주에 청소해야 해.|Home|Intermediate|Use when saying something natural in an everyday situation.
2033|The hallway shelf needs to be fixed before it gets worse.|복도 선반은 더 심해지기 전에 고쳐야 해.|Home|Intermediate|Use when saying something natural in an everyday situation.
2034|The hallway shelf needs to be replaced this month.|복도 선반은 이번 달 안에 교체해야 해.|Home|Intermediate|Use when saying something natural in an everyday situation.
2035|The hallway shelf needs to be checked again.|복도 선반은 다시 확인해야 해.|Home|Intermediate|Use when saying something natural in an everyday situation.
2036|The kitchen drawer needs to be tightened soon.|주방 서랍은 곧 조여야 해.|Home|Intermediate|Use when saying something natural in an everyday situation.
2037|The kitchen drawer needs to be cleaned this week.|주방 서랍은 이번 주에 청소해야 해.|Home|Intermediate|Use when saying something natural in an everyday situation.
2038|The kitchen drawer needs to be fixed before it gets worse.|주방 서랍은 더 심해지기 전에 고쳐야 해.|Home|Intermediate|Use when saying something natural in an everyday situation.
2039|The kitchen drawer needs to be replaced this month.|주방 서랍은 이번 달 안에 교체해야 해.|Home|Intermediate|Use when saying something natural in an everyday situation.
2040|The kitchen drawer needs to be checked again.|주방 서랍은 다시 확인해야 해.|Home|Intermediate|Use when saying something natural in an everyday situation.
2041|The front door handle needs to be tightened soon.|현관문 손잡이는 곧 조여야 해.|Home|Intermediate|Use when saying something natural in an everyday situation.
2042|The front door handle needs to be cleaned this week.|현관문 손잡이는 이번 주에 청소해야 해.|Home|Intermediate|Use when saying something natural in an everyday situation.
2043|The front door handle needs to be fixed before it gets worse.|현관문 손잡이는 더 심해지기 전에 고쳐야 해.|Home|Intermediate|Use when saying something natural in an everyday situation.
2044|The front door handle needs to be replaced this month.|현관문 손잡이는 이번 달 안에 교체해야 해.|Home|Intermediate|Use when saying something natural in an everyday situation.
2045|The front door handle needs to be checked again.|현관문 손잡이는 다시 확인해야 해.|Home|Intermediate|Use when saying something natural in an everyday situation.
2046|The window screen needs to be tightened soon.|방충망은 곧 조여야 해.|Home|Intermediate|Use when saying something natural in an everyday situation.
2047|The window screen needs to be cleaned this week.|방충망은 이번 주에 청소해야 해.|Home|Intermediate|Use when saying something natural in an everyday situation.
2048|The window screen needs to be fixed before it gets worse.|방충망은 더 심해지기 전에 고쳐야 해.|Home|Intermediate|Use when saying something natural in an everyday situation.
2049|The window screen needs to be replaced this month.|방충망은 이번 달 안에 교체해야 해.|Home|Intermediate|Use when saying something natural in an everyday situation.
2050|The window screen needs to be checked again.|방충망은 다시 확인해야 해.|Home|Intermediate|Use when saying something natural in an everyday situation.
2051|The dining chair needs to be tightened soon.|식탁 의자는 곧 조여야 해.|Home|Intermediate|Use when saying something natural in an everyday situation.
2052|The dining chair needs to be cleaned this week.|식탁 의자는 이번 주에 청소해야 해.|Home|Intermediate|Use when saying something natural in an everyday situation.
2053|The dining chair needs to be fixed before it gets worse.|식탁 의자는 더 심해지기 전에 고쳐야 해.|Home|Intermediate|Use when saying something natural in an everyday situation.
2054|The dining chair needs to be replaced this month.|식탁 의자는 이번 달 안에 교체해야 해.|Home|Intermediate|Use when saying something natural in an everyday situation.
2055|The dining chair needs to be checked again.|식탁 의자는 다시 확인해야 해.|Home|Intermediate|Use when saying something natural in an everyday situation.
2056|The closet rail needs to be tightened soon.|옷장 봉은 곧 조여야 해.|Home|Intermediate|Use when saying something natural in an everyday situation.
2057|The closet rail needs to be cleaned this week.|옷장 봉은 이번 주에 청소해야 해.|Home|Intermediate|Use when saying something natural in an everyday situation.
2058|The closet rail needs to be fixed before it gets worse.|옷장 봉은 더 심해지기 전에 고쳐야 해.|Home|Intermediate|Use when saying something natural in an everyday situation.
2059|The closet rail needs to be replaced this month.|옷장 봉은 이번 달 안에 교체해야 해.|Home|Intermediate|Use when saying something natural in an everyday situation.
2060|The closet rail needs to be checked again.|옷장 봉은 다시 확인해야 해.|Home|Intermediate|Use when saying something natural in an everyday situation.
2061|The balcony light needs to be tightened soon.|발코니 조명은 곧 조여야 해.|Home|Intermediate|Use when saying something natural in an everyday situation.
2062|The balcony light needs to be cleaned this week.|발코니 조명은 이번 주에 청소해야 해.|Home|Intermediate|Use when saying something natural in an everyday situation.
2063|The balcony light needs to be fixed before it gets worse.|발코니 조명은 더 심해지기 전에 고쳐야 해.|Home|Intermediate|Use when saying something natural in an everyday situation.
2064|The balcony light needs to be replaced this month.|발코니 조명은 이번 달 안에 교체해야 해.|Home|Intermediate|Use when saying something natural in an everyday situation.
2065|The balcony light needs to be checked again.|발코니 조명은 다시 확인해야 해.|Home|Intermediate|Use when saying something natural in an everyday situation.
2066|The shoe cabinet needs to be tightened soon.|신발장은 곧 조여야 해.|Home|Intermediate|Use when saying something natural in an everyday situation.
2067|The shoe cabinet needs to be cleaned this week.|신발장은 이번 주에 청소해야 해.|Home|Intermediate|Use when saying something natural in an everyday situation.
2068|The shoe cabinet needs to be fixed before it gets worse.|신발장은 더 심해지기 전에 고쳐야 해.|Home|Intermediate|Use when saying something natural in an everyday situation.
2069|The shoe cabinet needs to be replaced this month.|신발장은 이번 달 안에 교체해야 해.|Home|Intermediate|Use when saying something natural in an everyday situation.
2070|The shoe cabinet needs to be checked again.|신발장은 다시 확인해야 해.|Home|Intermediate|Use when saying something natural in an everyday situation.
2071|I am trying to clear out the hallway closet.|현관 수납장을 비우려고 해.|Home|Intermediate|Use when saying something natural in an everyday situation.
2072|I am trying to clear out the kitchen shelf.|주방 선반을 비우려고 해.|Home|Intermediate|Use when saying something natural in an everyday situation.
2073|I am trying to clear out the desk drawer.|책상 서랍을 비우려고 해.|Home|Intermediate|Use when saying something natural in an everyday situation.
2074|I am trying to clear out the laundry area.|세탁 공간을 비우려고 해.|Home|Intermediate|Use when saying something natural in an everyday situation.
2075|I am trying to clear out the storage box.|수납 상자를 비우려고 해.|Home|Intermediate|Use when saying something natural in an everyday situation.
2076|I am trying to tidy up the hallway closet.|현관 수납장을 정리하려고 해.|Home|Intermediate|Use when saying something natural in an everyday situation.
2077|I am trying to tidy up the kitchen shelf.|주방 선반을 정리하려고 해.|Home|Intermediate|Use when saying something natural in an everyday situation.
2078|I am trying to tidy up the desk drawer.|책상 서랍을 정리하려고 해.|Home|Intermediate|Use when saying something natural in an everyday situation.
2079|I am trying to tidy up the laundry area.|세탁 공간을 정리하려고 해.|Home|Intermediate|Use when saying something natural in an everyday situation.
2080|I am trying to tidy up the storage box.|수납 상자를 정리하려고 해.|Home|Intermediate|Use when saying something natural in an everyday situation.
2081|I am trying to rearrange the hallway closet.|현관 수납장을 다시 배치하려고 해.|Home|Intermediate|Use when saying something natural in an everyday situation.
2082|I am trying to rearrange the kitchen shelf.|주방 선반을 다시 배치하려고 해.|Home|Intermediate|Use when saying something natural in an everyday situation.
2083|I am trying to rearrange the desk drawer.|책상 서랍을 다시 배치하려고 해.|Home|Intermediate|Use when saying something natural in an everyday situation.
2084|I am trying to rearrange the laundry area.|세탁 공간을 다시 배치하려고 해.|Home|Intermediate|Use when saying something natural in an everyday situation.
2085|I am trying to rearrange the storage box.|수납 상자를 다시 배치하려고 해.|Home|Intermediate|Use when saying something natural in an everyday situation.
2086|I am trying to label the hallway closet.|현관 수납장을 라벨을 붙이려고 해.|Home|Intermediate|Use when saying something natural in an everyday situation.
2087|I am trying to label the kitchen shelf.|주방 선반을 라벨을 붙이려고 해.|Home|Intermediate|Use when saying something natural in an everyday situation.
2088|I am trying to label the desk drawer.|책상 서랍을 라벨을 붙이려고 해.|Home|Intermediate|Use when saying something natural in an everyday situation.
2089|I am trying to label the laundry area.|세탁 공간을 라벨을 붙이려고 해.|Home|Intermediate|Use when saying something natural in an everyday situation.
2090|I am trying to label the storage box.|수납 상자를 라벨을 붙이려고 해.|Home|Intermediate|Use when saying something natural in an everyday situation.
2091|I am trying to empty the hallway closet.|현관 수납장을 안을 비우려고 해.|Home|Intermediate|Use when saying something natural in an everyday situation.
2092|I am trying to empty the kitchen shelf.|주방 선반을 안을 비우려고 해.|Home|Intermediate|Use when saying something natural in an everyday situation.
2093|I am trying to empty the desk drawer.|책상 서랍을 안을 비우려고 해.|Home|Intermediate|Use when saying something natural in an everyday situation.
2094|I am trying to empty the laundry area.|세탁 공간을 안을 비우려고 해.|Home|Intermediate|Use when saying something natural in an everyday situation.
2095|I am trying to empty the storage box.|수납 상자를 안을 비우려고 해.|Home|Intermediate|Use when saying something natural in an everyday situation.
2096|I am trying to sort through the hallway closet.|현관 수납장을 하나씩 추려 보려고 해.|Home|Intermediate|Use when saying something natural in an everyday situation.
2097|I am trying to sort through the kitchen shelf.|주방 선반을 하나씩 추려 보려고 해.|Home|Intermediate|Use when saying something natural in an everyday situation.
2098|I am trying to sort through the desk drawer.|책상 서랍을 하나씩 추려 보려고 해.|Home|Intermediate|Use when saying something natural in an everyday situation.
2099|I am trying to sort through the laundry area.|세탁 공간을 하나씩 추려 보려고 해.|Home|Intermediate|Use when saying something natural in an everyday situation.
2100|I am trying to sort through the storage box.|수납 상자를 하나씩 추려 보려고 해.|Home|Intermediate|Use when saying something natural in an everyday situation.
2101|I am trying to wipe down the hallway closet.|현관 수납장을 닦아 놓으려고 해.|Home|Intermediate|Use when saying something natural in an everyday situation.
2102|I am trying to wipe down the kitchen shelf.|주방 선반을 닦아 놓으려고 해.|Home|Intermediate|Use when saying something natural in an everyday situation.
2103|I am trying to wipe down the desk drawer.|책상 서랍을 닦아 놓으려고 해.|Home|Intermediate|Use when saying something natural in an everyday situation.
2104|I am trying to wipe down the laundry area.|세탁 공간을 닦아 놓으려고 해.|Home|Intermediate|Use when saying something natural in an everyday situation.
2105|I am trying to wipe down the storage box.|수납 상자를 닦아 놓으려고 해.|Home|Intermediate|Use when saying something natural in an everyday situation.
2106|I am trying to make space in the hallway closet.|현관 수납장을 공간을 만들려고 해.|Home|Intermediate|Use when saying something natural in an everyday situation.
2107|I am trying to make space in the kitchen shelf.|주방 선반을 공간을 만들려고 해.|Home|Intermediate|Use when saying something natural in an everyday situation.
2108|I am trying to make space in the desk drawer.|책상 서랍을 공간을 만들려고 해.|Home|Intermediate|Use when saying something natural in an everyday situation.
2109|I am trying to make space in the laundry area.|세탁 공간을 공간을 만들려고 해.|Home|Intermediate|Use when saying something natural in an everyday situation.
2110|I am trying to make space in the storage box.|수납 상자를 공간을 만들려고 해.|Home|Intermediate|Use when saying something natural in an everyday situation.
2111|I am trying to stack neatly the hallway closet.|현관 수납장을 반듯하게 쌓아 두려고 해.|Home|Intermediate|Use when saying something natural in an everyday situation.
2112|I am trying to stack neatly the kitchen shelf.|주방 선반을 반듯하게 쌓아 두려고 해.|Home|Intermediate|Use when saying something natural in an everyday situation.
2113|I am trying to stack neatly the desk drawer.|책상 서랍을 반듯하게 쌓아 두려고 해.|Home|Intermediate|Use when saying something natural in an everyday situation.
2114|I am trying to stack neatly the laundry area.|세탁 공간을 반듯하게 쌓아 두려고 해.|Home|Intermediate|Use when saying something natural in an everyday situation.
2115|I am trying to stack neatly the storage box.|수납 상자를 반듯하게 쌓아 두려고 해.|Home|Intermediate|Use when saying something natural in an everyday situation.
2116|I am trying to simplify the hallway closet.|현관 수납장을 더 단순하게 정리하려고 해.|Home|Intermediate|Use when saying something natural in an everyday situation.
2117|I am trying to simplify the kitchen shelf.|주방 선반을 더 단순하게 정리하려고 해.|Home|Intermediate|Use when saying something natural in an everyday situation.
2118|I am trying to simplify the desk drawer.|책상 서랍을 더 단순하게 정리하려고 해.|Home|Intermediate|Use when saying something natural in an everyday situation.
2119|I am trying to simplify the laundry area.|세탁 공간을 더 단순하게 정리하려고 해.|Home|Intermediate|Use when saying something natural in an everyday situation.
2120|I am trying to simplify the storage box.|수납 상자를 더 단순하게 정리하려고 해.|Home|Intermediate|Use when saying something natural in an everyday situation.
2121|I would rather keep the plan simple for now.|일단은 계획은 단순하게 두는 편이 좋겠어.|Opinion|Intermediate|Use when sharing a preference or judgment in a natural way.
2122|I would rather keep the plan simple this week.|이번 주에는 계획은 단순하게 두는 편이 좋겠어.|Opinion|Intermediate|Use when sharing a preference or judgment in a natural way.
2123|I would rather keep the plan simple before we decide.|결정하기 전에 계획은 단순하게 두는 편이 좋겠어.|Opinion|Intermediate|Use when sharing a preference or judgment in a natural way.
2124|I would rather keep the plan simple if time allows.|시간이 되면 계획은 단순하게 두는 편이 좋겠어.|Opinion|Intermediate|Use when sharing a preference or judgment in a natural way.
2125|I would rather keep the plan simple while we still can.|아직 여유가 있을 때 계획은 단순하게 두는 편이 좋겠어.|Opinion|Intermediate|Use when sharing a preference or judgment in a natural way.
2126|I would rather wait for one more reply for now.|일단은 답장을 하나 더 기다리는 편이 좋겠어.|Opinion|Intermediate|Use when sharing a preference or judgment in a natural way.
2127|I would rather wait for one more reply this week.|이번 주에는 답장을 하나 더 기다리는 편이 좋겠어.|Opinion|Intermediate|Use when sharing a preference or judgment in a natural way.
2128|I would rather wait for one more reply before we decide.|결정하기 전에 답장을 하나 더 기다리는 편이 좋겠어.|Opinion|Intermediate|Use when sharing a preference or judgment in a natural way.
2129|I would rather wait for one more reply if time allows.|시간이 되면 답장을 하나 더 기다리는 편이 좋겠어.|Opinion|Intermediate|Use when sharing a preference or judgment in a natural way.
2130|I would rather wait for one more reply while we still can.|아직 여유가 있을 때 답장을 하나 더 기다리는 편이 좋겠어.|Opinion|Intermediate|Use when sharing a preference or judgment in a natural way.
2131|I would rather start with a smaller change for now.|일단은 더 작은 변경부터 시작하는 편이 좋겠어.|Opinion|Intermediate|Use when sharing a preference or judgment in a natural way.
2132|I would rather start with a smaller change this week.|이번 주에는 더 작은 변경부터 시작하는 편이 좋겠어.|Opinion|Intermediate|Use when sharing a preference or judgment in a natural way.
2133|I would rather start with a smaller change before we decide.|결정하기 전에 더 작은 변경부터 시작하는 편이 좋겠어.|Opinion|Intermediate|Use when sharing a preference or judgment in a natural way.
2134|I would rather start with a smaller change if time allows.|시간이 되면 더 작은 변경부터 시작하는 편이 좋겠어.|Opinion|Intermediate|Use when sharing a preference or judgment in a natural way.
2135|I would rather start with a smaller change while we still can.|아직 여유가 있을 때 더 작은 변경부터 시작하는 편이 좋겠어.|Opinion|Intermediate|Use when sharing a preference or judgment in a natural way.
2136|I would rather talk it through in person for now.|일단은 직접 만나서 이야기하는 편이 좋겠어.|Opinion|Intermediate|Use when sharing a preference or judgment in a natural way.
2137|I would rather talk it through in person this week.|이번 주에는 직접 만나서 이야기하는 편이 좋겠어.|Opinion|Intermediate|Use when sharing a preference or judgment in a natural way.
2138|I would rather talk it through in person before we decide.|결정하기 전에 직접 만나서 이야기하는 편이 좋겠어.|Opinion|Intermediate|Use when sharing a preference or judgment in a natural way.
2139|I would rather talk it through in person if time allows.|시간이 되면 직접 만나서 이야기하는 편이 좋겠어.|Opinion|Intermediate|Use when sharing a preference or judgment in a natural way.
2140|I would rather talk it through in person while we still can.|아직 여유가 있을 때 직접 만나서 이야기하는 편이 좋겠어.|Opinion|Intermediate|Use when sharing a preference or judgment in a natural way.
2141|I would rather sleep on it first for now.|일단은 하루 더 생각해 보는 편이 좋겠어.|Opinion|Intermediate|Use when sharing a preference or judgment in a natural way.
2142|I would rather sleep on it first this week.|이번 주에는 하루 더 생각해 보는 편이 좋겠어.|Opinion|Intermediate|Use when sharing a preference or judgment in a natural way.
2143|I would rather sleep on it first before we decide.|결정하기 전에 하루 더 생각해 보는 편이 좋겠어.|Opinion|Intermediate|Use when sharing a preference or judgment in a natural way.
2144|I would rather sleep on it first if time allows.|시간이 되면 하루 더 생각해 보는 편이 좋겠어.|Opinion|Intermediate|Use when sharing a preference or judgment in a natural way.
2145|I would rather sleep on it first while we still can.|아직 여유가 있을 때 하루 더 생각해 보는 편이 좋겠어.|Opinion|Intermediate|Use when sharing a preference or judgment in a natural way.
2146|I would rather compare the two versions for now.|일단은 두 버전을 비교해 보는 편이 좋겠어.|Opinion|Intermediate|Use when sharing a preference or judgment in a natural way.
2147|I would rather compare the two versions this week.|이번 주에는 두 버전을 비교해 보는 편이 좋겠어.|Opinion|Intermediate|Use when sharing a preference or judgment in a natural way.
2148|I would rather compare the two versions before we decide.|결정하기 전에 두 버전을 비교해 보는 편이 좋겠어.|Opinion|Intermediate|Use when sharing a preference or judgment in a natural way.
2149|I would rather compare the two versions if time allows.|시간이 되면 두 버전을 비교해 보는 편이 좋겠어.|Opinion|Intermediate|Use when sharing a preference or judgment in a natural way.
2150|I would rather compare the two versions while we still can.|아직 여유가 있을 때 두 버전을 비교해 보는 편이 좋겠어.|Opinion|Intermediate|Use when sharing a preference or judgment in a natural way.
2151|I would rather ask one more question for now.|일단은 질문을 하나 더 하는 편이 좋겠어.|Opinion|Intermediate|Use when sharing a preference or judgment in a natural way.
2152|I would rather ask one more question this week.|이번 주에는 질문을 하나 더 하는 편이 좋겠어.|Opinion|Intermediate|Use when sharing a preference or judgment in a natural way.
2153|I would rather ask one more question before we decide.|결정하기 전에 질문을 하나 더 하는 편이 좋겠어.|Opinion|Intermediate|Use when sharing a preference or judgment in a natural way.
2154|I would rather ask one more question if time allows.|시간이 되면 질문을 하나 더 하는 편이 좋겠어.|Opinion|Intermediate|Use when sharing a preference or judgment in a natural way.
2155|I would rather ask one more question while we still can.|아직 여유가 있을 때 질문을 하나 더 하는 편이 좋겠어.|Opinion|Intermediate|Use when sharing a preference or judgment in a natural way.
2156|I would rather move more carefully for now.|일단은 좀 더 신중하게 움직이는 편이 좋겠어.|Opinion|Intermediate|Use when sharing a preference or judgment in a natural way.
2157|I would rather move more carefully this week.|이번 주에는 좀 더 신중하게 움직이는 편이 좋겠어.|Opinion|Intermediate|Use when sharing a preference or judgment in a natural way.
2158|I would rather move more carefully before we decide.|결정하기 전에 좀 더 신중하게 움직이는 편이 좋겠어.|Opinion|Intermediate|Use when sharing a preference or judgment in a natural way.
2159|I would rather move more carefully if time allows.|시간이 되면 좀 더 신중하게 움직이는 편이 좋겠어.|Opinion|Intermediate|Use when sharing a preference or judgment in a natural way.
2160|I would rather move more carefully while we still can.|아직 여유가 있을 때 좀 더 신중하게 움직이는 편이 좋겠어.|Opinion|Intermediate|Use when sharing a preference or judgment in a natural way.
2161|I would rather stick with the earlier option for now.|일단은 처음 선택지를 유지하는 편이 좋겠어.|Opinion|Intermediate|Use when sharing a preference or judgment in a natural way.
2162|I would rather stick with the earlier option this week.|이번 주에는 처음 선택지를 유지하는 편이 좋겠어.|Opinion|Intermediate|Use when sharing a preference or judgment in a natural way.
2163|I would rather stick with the earlier option before we decide.|결정하기 전에 처음 선택지를 유지하는 편이 좋겠어.|Opinion|Intermediate|Use when sharing a preference or judgment in a natural way.
2164|I would rather stick with the earlier option if time allows.|시간이 되면 처음 선택지를 유지하는 편이 좋겠어.|Opinion|Intermediate|Use when sharing a preference or judgment in a natural way.
2165|I would rather stick with the earlier option while we still can.|아직 여유가 있을 때 처음 선택지를 유지하는 편이 좋겠어.|Opinion|Intermediate|Use when sharing a preference or judgment in a natural way.
2166|I would rather leave some room to adjust for now.|일단은 조정할 여지를 남겨 두는 편이 좋겠어.|Opinion|Intermediate|Use when sharing a preference or judgment in a natural way.
2167|I would rather leave some room to adjust this week.|이번 주에는 조정할 여지를 남겨 두는 편이 좋겠어.|Opinion|Intermediate|Use when sharing a preference or judgment in a natural way.
2168|I would rather leave some room to adjust before we decide.|결정하기 전에 조정할 여지를 남겨 두는 편이 좋겠어.|Opinion|Intermediate|Use when sharing a preference or judgment in a natural way.
2169|I would rather leave some room to adjust if time allows.|시간이 되면 조정할 여지를 남겨 두는 편이 좋겠어.|Opinion|Intermediate|Use when sharing a preference or judgment in a natural way.
2170|I would rather leave some room to adjust while we still can.|아직 여유가 있을 때 조정할 여지를 남겨 두는 편이 좋겠어.|Opinion|Intermediate|Use when sharing a preference or judgment in a natural way.
2171|It seems wiser to double-check the details in this case.|이 경우에는 세부 내용을 다시 확인하는 게 더 현명해 보여.|Opinion|Advanced|Use when sharing a preference or judgment in a natural way.
2172|It seems wiser to double-check the details before things get rushed.|급해지기 전에 세부 내용을 다시 확인하는 게 더 현명해 보여.|Opinion|Advanced|Use when sharing a preference or judgment in a natural way.
2173|It seems wiser to double-check the details with this kind of task.|이런 일에는 세부 내용을 다시 확인하는 게 더 현명해 보여.|Opinion|Advanced|Use when sharing a preference or judgment in a natural way.
2174|It seems wiser to double-check the details when the stakes feel high.|부담이 클 때는 세부 내용을 다시 확인하는 게 더 현명해 보여.|Opinion|Advanced|Use when sharing a preference or judgment in a natural way.
2175|It seems wiser to double-check the details if we want fewer mistakes.|실수를 줄이려면 세부 내용을 다시 확인하는 게 더 현명해 보여.|Opinion|Advanced|Use when sharing a preference or judgment in a natural way.
2176|It seems wiser to slow the pace a little in this case.|이 경우에는 속도를 조금 늦추는 게 더 현명해 보여.|Opinion|Advanced|Use when sharing a preference or judgment in a natural way.
2177|It seems wiser to slow the pace a little before things get rushed.|급해지기 전에 속도를 조금 늦추는 게 더 현명해 보여.|Opinion|Advanced|Use when sharing a preference or judgment in a natural way.
2178|It seems wiser to slow the pace a little with this kind of task.|이런 일에는 속도를 조금 늦추는 게 더 현명해 보여.|Opinion|Advanced|Use when sharing a preference or judgment in a natural way.
2179|It seems wiser to slow the pace a little when the stakes feel high.|부담이 클 때는 속도를 조금 늦추는 게 더 현명해 보여.|Opinion|Advanced|Use when sharing a preference or judgment in a natural way.
2180|It seems wiser to slow the pace a little if we want fewer mistakes.|실수를 줄이려면 속도를 조금 늦추는 게 더 현명해 보여.|Opinion|Advanced|Use when sharing a preference or judgment in a natural way.
2181|It seems wiser to hear everyone's view in this case.|이 경우에는 각자 의견을 들어보는 게 더 현명해 보여.|Opinion|Advanced|Use when sharing a preference or judgment in a natural way.
2182|It seems wiser to hear everyone's view before things get rushed.|급해지기 전에 각자 의견을 들어보는 게 더 현명해 보여.|Opinion|Advanced|Use when sharing a preference or judgment in a natural way.
2183|It seems wiser to hear everyone's view with this kind of task.|이런 일에는 각자 의견을 들어보는 게 더 현명해 보여.|Opinion|Advanced|Use when sharing a preference or judgment in a natural way.
2184|It seems wiser to hear everyone's view when the stakes feel high.|부담이 클 때는 각자 의견을 들어보는 게 더 현명해 보여.|Opinion|Advanced|Use when sharing a preference or judgment in a natural way.
2185|It seems wiser to hear everyone's view if we want fewer mistakes.|실수를 줄이려면 각자 의견을 들어보는 게 더 현명해 보여.|Opinion|Advanced|Use when sharing a preference or judgment in a natural way.
2186|It seems wiser to keep the deadline realistic in this case.|이 경우에는 마감 일정을 현실적으로 잡는 게 더 현명해 보여.|Opinion|Advanced|Use when sharing a preference or judgment in a natural way.
2187|It seems wiser to keep the deadline realistic before things get rushed.|급해지기 전에 마감 일정을 현실적으로 잡는 게 더 현명해 보여.|Opinion|Advanced|Use when sharing a preference or judgment in a natural way.
2188|It seems wiser to keep the deadline realistic with this kind of task.|이런 일에는 마감 일정을 현실적으로 잡는 게 더 현명해 보여.|Opinion|Advanced|Use when sharing a preference or judgment in a natural way.
2189|It seems wiser to keep the deadline realistic when the stakes feel high.|부담이 클 때는 마감 일정을 현실적으로 잡는 게 더 현명해 보여.|Opinion|Advanced|Use when sharing a preference or judgment in a natural way.
2190|It seems wiser to keep the deadline realistic if we want fewer mistakes.|실수를 줄이려면 마감 일정을 현실적으로 잡는 게 더 현명해 보여.|Opinion|Advanced|Use when sharing a preference or judgment in a natural way.
2191|It seems wiser to split the work into steps in this case.|이 경우에는 일을 단계별로 나누는 게 더 현명해 보여.|Opinion|Advanced|Use when sharing a preference or judgment in a natural way.
2192|It seems wiser to split the work into steps before things get rushed.|급해지기 전에 일을 단계별로 나누는 게 더 현명해 보여.|Opinion|Advanced|Use when sharing a preference or judgment in a natural way.
2193|It seems wiser to split the work into steps with this kind of task.|이런 일에는 일을 단계별로 나누는 게 더 현명해 보여.|Opinion|Advanced|Use when sharing a preference or judgment in a natural way.
2194|It seems wiser to split the work into steps when the stakes feel high.|부담이 클 때는 일을 단계별로 나누는 게 더 현명해 보여.|Opinion|Advanced|Use when sharing a preference or judgment in a natural way.
2195|It seems wiser to split the work into steps if we want fewer mistakes.|실수를 줄이려면 일을 단계별로 나누는 게 더 현명해 보여.|Opinion|Advanced|Use when sharing a preference or judgment in a natural way.
2196|It seems wiser to test the easier option first in this case.|이 경우에는 더 쉬운 선택지를 먼저 시험해 보는 게 더 현명해 보여.|Opinion|Advanced|Use when sharing a preference or judgment in a natural way.
2197|It seems wiser to test the easier option first before things get rushed.|급해지기 전에 더 쉬운 선택지를 먼저 시험해 보는 게 더 현명해 보여.|Opinion|Advanced|Use when sharing a preference or judgment in a natural way.
2198|It seems wiser to test the easier option first with this kind of task.|이런 일에는 더 쉬운 선택지를 먼저 시험해 보는 게 더 현명해 보여.|Opinion|Advanced|Use when sharing a preference or judgment in a natural way.
2199|It seems wiser to test the easier option first when the stakes feel high.|부담이 클 때는 더 쉬운 선택지를 먼저 시험해 보는 게 더 현명해 보여.|Opinion|Advanced|Use when sharing a preference or judgment in a natural way.
2200|It seems wiser to test the easier option first if we want fewer mistakes.|실수를 줄이려면 더 쉬운 선택지를 먼저 시험해 보는 게 더 현명해 보여.|Opinion|Advanced|Use when sharing a preference or judgment in a natural way.
2201|It seems wiser to save a copy before editing in this case.|이 경우에는 수정 전에 복사본을 저장하는 게 더 현명해 보여.|Opinion|Advanced|Use when sharing a preference or judgment in a natural way.
2202|It seems wiser to save a copy before editing before things get rushed.|급해지기 전에 수정 전에 복사본을 저장하는 게 더 현명해 보여.|Opinion|Advanced|Use when sharing a preference or judgment in a natural way.
2203|It seems wiser to save a copy before editing with this kind of task.|이런 일에는 수정 전에 복사본을 저장하는 게 더 현명해 보여.|Opinion|Advanced|Use when sharing a preference or judgment in a natural way.
2204|It seems wiser to save a copy before editing when the stakes feel high.|부담이 클 때는 수정 전에 복사본을 저장하는 게 더 현명해 보여.|Opinion|Advanced|Use when sharing a preference or judgment in a natural way.
2205|It seems wiser to save a copy before editing if we want fewer mistakes.|실수를 줄이려면 수정 전에 복사본을 저장하는 게 더 현명해 보여.|Opinion|Advanced|Use when sharing a preference or judgment in a natural way.
2206|It seems wiser to leave the final call for tomorrow in this case.|이 경우에는 최종 결정은 내일로 미루는 게 더 현명해 보여.|Opinion|Advanced|Use when sharing a preference or judgment in a natural way.
2207|It seems wiser to leave the final call for tomorrow before things get rushed.|급해지기 전에 최종 결정은 내일로 미루는 게 더 현명해 보여.|Opinion|Advanced|Use when sharing a preference or judgment in a natural way.
2208|It seems wiser to leave the final call for tomorrow with this kind of task.|이런 일에는 최종 결정은 내일로 미루는 게 더 현명해 보여.|Opinion|Advanced|Use when sharing a preference or judgment in a natural way.
2209|It seems wiser to leave the final call for tomorrow when the stakes feel high.|부담이 클 때는 최종 결정은 내일로 미루는 게 더 현명해 보여.|Opinion|Advanced|Use when sharing a preference or judgment in a natural way.
2210|It seems wiser to leave the final call for tomorrow if we want fewer mistakes.|실수를 줄이려면 최종 결정은 내일로 미루는 게 더 현명해 보여.|Opinion|Advanced|Use when sharing a preference or judgment in a natural way.
2211|It seems wiser to focus on the main issue in this case.|이 경우에는 핵심 문제에 집중하는 게 더 현명해 보여.|Opinion|Advanced|Use when sharing a preference or judgment in a natural way.
2212|It seems wiser to focus on the main issue before things get rushed.|급해지기 전에 핵심 문제에 집중하는 게 더 현명해 보여.|Opinion|Advanced|Use when sharing a preference or judgment in a natural way.
2213|It seems wiser to focus on the main issue with this kind of task.|이런 일에는 핵심 문제에 집중하는 게 더 현명해 보여.|Opinion|Advanced|Use when sharing a preference or judgment in a natural way.
2214|It seems wiser to focus on the main issue when the stakes feel high.|부담이 클 때는 핵심 문제에 집중하는 게 더 현명해 보여.|Opinion|Advanced|Use when sharing a preference or judgment in a natural way.
2215|It seems wiser to focus on the main issue if we want fewer mistakes.|실수를 줄이려면 핵심 문제에 집중하는 게 더 현명해 보여.|Opinion|Advanced|Use when sharing a preference or judgment in a natural way.
2216|It seems wiser to cut the extra part in this case.|이 경우에는 불필요한 부분을 덜어내는 게 더 현명해 보여.|Opinion|Advanced|Use when sharing a preference or judgment in a natural way.
2217|It seems wiser to cut the extra part before things get rushed.|급해지기 전에 불필요한 부분을 덜어내는 게 더 현명해 보여.|Opinion|Advanced|Use when sharing a preference or judgment in a natural way.
2218|It seems wiser to cut the extra part with this kind of task.|이런 일에는 불필요한 부분을 덜어내는 게 더 현명해 보여.|Opinion|Advanced|Use when sharing a preference or judgment in a natural way.
2219|It seems wiser to cut the extra part when the stakes feel high.|부담이 클 때는 불필요한 부분을 덜어내는 게 더 현명해 보여.|Opinion|Advanced|Use when sharing a preference or judgment in a natural way.
2220|It seems wiser to cut the extra part if we want fewer mistakes.|실수를 줄이려면 불필요한 부분을 덜어내는 게 더 현명해 보여.|Opinion|Advanced|Use when sharing a preference or judgment in a natural way.
